David,Sanders,1973-04-04,dsanders0@rediff.com,212-(820)258-6709,74920 Oak Plaza
Jacqueline,Fields,1993-05-29,jfields1@nhs.uk,223-(137)952-6768,55 Karstens Alley
Scott,Taylor,1959-08-16,staylor2@creativecommons.org,86-(551)629-2833,91 Swallow Crossing
Judy,Spencer,2007-09-28,jspencer3@dion.ne.jp,81-(230)428-0282,586 Dennis Street
Cynthia,Long,1950-07-17,clong4@cbc.ca,52-(534)808-7783,5 Daystar Junction
Bobby,Black,1951-10-10,bblack5@businesswire.com,62-(465)731-3605,74019 Mariners Cove Place
Jose,Wallace,1965-06-16,jwallace6@elegantthemes.com,506-(287)247-5887,98897 Ridgeway Way
Jeremy,Garcia,2006-06-09,jgarcia7@shutterfly.com,82-(683)926-7345,4 Marcy Drive
Brian,Morrison,1999-07-19,bmorrison8@marketwatch.com,62-(602)201-6550,272 Service Crossing
Lawrence,Hughes,2004-04-13,lhughes9@baidu.com,86-(881)888-0381,8638 Corben Park
Elizabeth,Thompson,2002-01-22,ethompsona@hao123.com,387-(862)120-1277,5 Monument Street
Shirley,Murray,1962-05-14,smurrayb@census.gov,387-(164)325-0214,19304 Maywood Court
Judith,Ryan,2007-05-10,jryanc@nydailynews.com,86-(685)808-7562,846 Stang Circle
Gregory,Stephens,1958-02-12,gstephensd@bravesites.com,98-(663)268-4400,50 Huxley Place
Tammy,Flores,1984-04-11,tflorese@zimbio.com,33-(965)683-4838,790 Sugar Center
Ralph,Stephens,1992-11-07,rstephensf@nydailynews.com,63-(640)542-6016,9 Iowa Parkway
Patrick,George,2000-09-06,pgeorgeg@twitpic.com,49-(507)672-6130,75 Bluejay Crossing
Carl,Nelson,1984-02-12,cnelsonh@gravatar.com,62-(213)312-2965,9 Eastlawn Point
Phyllis,Lee,1972-06-21,pleei@ted.com,62-(889)522-1631,298 Morning Circle
Christina,Dean,1960-04-21,cdeanj@telegraph.co.uk,7-(884)470-4513,45 Crescent Oaks Alley
Jose,Spencer,2004-10-22,jspencerk@tmall.com,86-(694)981-2137,2465 Vidon Trail
Angela,Gutierrez,1965-03-28,agutierrezl@epa.gov,351-(420)647-7240,487 Delaware Street
Laura,Walker,1998-04-25,lwalkerm@army.mil,86-(741)644-7264,544 Arizona Crossing
Rachel,Jenkins,1992-09-23,rjenkinsn@geocities.com,420-(515)731-7089,0155 Johnson Road
Robin,Harvey,1967-01-05,rharveyo@aol.com,57-(519)206-2428,9507 Graedel Plaza
Patricia,Bennett,1974-09-18,pbennettp@state.gov,380-(666)442-2422,97 Buhler Pass
Todd,Martinez,1965-01-13,tmartinezq@stanford.edu,63-(188)627-3123,3 Spaight Road
Julie,Butler,1967-05-27,jbutlerr@wiley.com,261-(994)338-1235,1567 Petterle Trail
Sara,Taylor,1966-07-23,staylors@vk.com,1-(852)548-4678,8458 Petterle Lane
Virginia,Reyes,1974-08-15,vreyest@list-manage.com,98-(217)515-0474,9 Cardinal Park
Kenneth,Banks,1999-01-06,kbanksu@seesaa.net,86-(112)297-8163,9 Barnett Pass
Maria,Andrews,2009-05-14,mandrewsv@quantcast.com,1-(480)234-2652,1004 Hanover Road
Jesse,Lawrence,1997-09-19,jlawrencew@va.gov,86-(265)409-0827,90 Nobel Place
Maria,Gibson,1991-12-28,mgibsonx@webmd.com,33-(462)737-8917,43528 Washington Place
Ashley,Hernandez,2005-01-26,ahernandezy@epa.gov,63-(155)988-9792,79282 Morrow Plaza
Andrea,Grant,1986-01-15,agrantz@vinaora.com,46-(134)792-4626,35737 Lakewood Court
Billy,Thomas,1955-08-23,bthomas10@mayoclinic.com,62-(539)538-1268,17857 Logan Park
Jack,Reynolds,1969-05-31,jreynolds11@miibeian.gov.cn,95-(358)296-5975,11 Sunbrook Center
Judith,Hughes,1975-07-15,jhughes12@intel.com,56-(155)966-9499,005 Petterle Center
Steven,Lawson,1976-09-20,slawson13@fema.gov,389-(542)102-1911,5916 Fair Oaks Point
Tammy,Watson,1955-08-28,twatson14@jalbum.net,351-(659)775-9260,4 Little Fleur Terrace
Annie,Howard,1979-09-20,ahoward15@census.gov,1-(162)472-4851,3404 Corben Place
Dorothy,Wheeler,2007-07-06,dwheeler16@netvibes.com,66-(302)837-8451,3 Killdeer Center
Carlos,Holmes,1961-08-10,cholmes17@youtube.com,506-(797)409-3013,1 New Castle Street
Tina,Lane,1954-04-13,tlane18@thetimes.co.uk,62-(956)894-4728,729 Mendota Hill
Evelyn,Simpson,1973-01-30,esimpson19@wsj.com,62-(186)202-7528,13 Declaration Court
Deborah,Robertson,1972-02-10,drobertson1a@google.com.au,86-(985)797-7676,72 Fuller Avenue
Marie,Andrews,1982-08-20,mandrews1b@pinterest.com,34-(130)953-4541,14162 Norway Maple Hill
Richard,Watkins,1973-10-03,rwatkins1c@va.gov,62-(395)709-3050,23593 Hoepker Pass
Ruth,Hansen,1964-04-19,rhansen1d@sfgate.com,86-(776)683-0441,1 Sherman Avenue
Roger,Day,1955-08-14,rday1e@cyberchimps.com,55-(594)183-8813,28 Bowman Terrace
Kenneth,Burns,1959-10-21,kburns1f@bloomberg.com,970-(140)597-7576,01088 Morrow Street
Catherine,Lewis,1967-10-10,clewis1g@amazon.com,62-(585)590-2536,99 Dixon Trail
Albert,Simpson,1976-01-29,asimpson1h@rambler.ru,55-(860)933-8580,18084 Oxford Crossing
Harold,Hanson,2006-08-20,hhanson1i@zdnet.com,62-(704)440-0153,93 Muir Center
Jessica,Powell,1979-11-04,jpowell1j@time.com,66-(431)832-3451,8332 Browning Street
Ryan,Sanchez,1976-01-03,rsanchez1k@behance.net,55-(609)537-8624,84 Raven Crossing
Donald,Sullivan,1990-05-09,dsullivan1l@diigo.com,230-(284)950-6106,89 Algoma Trail
Randy,Scott,1979-07-06,rscott1m@biblegateway.com,63-(519)406-1758,6 Sloan Parkway
Ryan,Hernandez,1950-05-07,rhernandez1n@bandcamp.com,46-(190)824-5343,85688 Corscot Plaza
Bobby,Stone,1966-04-17,bstone1o@reverbnation.com,33-(413)865-1119,27 Sheridan Road
Bonnie,Nelson,1969-06-08,bnelson1p@discuz.net,52-(485)490-9846,3 Gulseth Junction
Evelyn,Hall,2008-09-01,ehall1q@photobucket.com,507-(802)974-8099,88 Amoth Plaza
Theresa,Gibson,1974-12-22,tgibson1r@goo.gl,86-(143)387-2184,99851 Truax Point
Joe,Franklin,1984-08-14,jfranklin1s@sogou.com,48-(374)997-1448,4 Springview Terrace
Roger,Dixon,1988-05-15,rdixon1t@booking.com,48-(194)460-5899,2977 Grim Hill
Anne,Jones,2004-08-28,ajones1u@topsy.com,58-(825)717-8390,75870 Maryland Trail
Sandra,Schmidt,1974-07-02,sschmidt1v@nba.com,267-(529)876-1493,1 Farmco Drive
Randy,Lane,1972-10-09,rlane1w@miibeian.gov.cn,7-(193)107-0571,97 Carey Road
Wanda,Larson,1988-09-26,wlarson1x@linkedin.com,86-(391)860-7348,219 Bartelt Crossing
Jeremy,Jackson,1966-02-26,jjackson1y@ca.gov,7-(589)274-1572,2538 Oak Trail
Debra,Gonzalez,1997-01-10,dgonzalez1z@themeforest.net,370-(758)113-6895,5126 Rowland Point
Cynthia,Peterson,1957-01-24,cpeterson20@blogspot.com,57-(576)195-1497,71480 Sunnyside Street
David,Woods,1964-07-29,dwoods21@tiny.cc,420-(876)287-0164,6350 Golf View Lane
Janice,Washington,1962-01-11,jwashington22@cbc.ca,84-(762)830-4740,269 Forest Drive
Kathleen,Jacobs,1953-09-08,kjacobs23@microsoft.com,86-(203)255-8842,92 Sachs Drive
Lillian,Parker,2005-07-01,lparker24@reddit.com,86-(135)458-1726,77 Express Park
Billy,Bowman,1973-01-22,bbowman25@upenn.edu,62-(907)976-8253,18 Monument Lane
Wanda,Ray,1994-12-23,wray26@github.com,266-(338)642-4554,90 Parkside Park
James,Scott,1962-03-19,jscott27@mediafire.com,234-(317)875-0561,435 Dwight Street
Bobby,Peters,1987-07-19,bpeters28@jalbum.net,54-(229)988-7117,534 Sunbrook Pass
Nicholas,Oliver,2003-10-10,noliver29@flavors.me,244-(383)315-4020,5 Mayfield Terrace
Christopher,Clark,2000-05-23,cclark2a@amazon.de,27-(866)188-6637,084 Erie Way
Elizabeth,Thompson,1984-12-09,ethompson2b@ameblo.jp,242-(573)446-7430,57865 Erie Center
Andrea,Moreno,1985-05-17,amoreno2c@cornell.edu,47-(696)795-5919,757 Kennedy Trail
Elizabeth,Kim,1957-09-12,ekim2d@aol.com,63-(927)547-6224,98181 Village Green Street
Denise,Webb,1951-05-17,dwebb2e@ted.com,63-(693)795-7664,9 Oakridge Hill
Elizabeth,Bishop,1973-03-29,ebishop2f@loc.gov,33-(453)798-6364,57 Debra Alley
Sara,Roberts,1959-06-17,sroberts2g@discuz.net,55-(807)344-2282,3 Bluejay Terrace
Margaret,Kim,2000-12-23,mkim2h@dailymail.co.uk,86-(868)804-3721,40628 Farwell Junction
Annie,Fox,1987-03-06,afox2i@google.com.hk,39-(861)878-3699,9 Mesta Point
Phillip,Austin,1961-04-30,paustin2j@fema.gov,62-(893)700-1421,1451 Doe Crossing Drive
William,Willis,2008-12-16,wwillis2k@dropbox.com,216-(926)858-0258,23 Moland Drive
Arthur,Gonzales,1972-06-23,agonzales2l@fastcompany.com,86-(888)110-4941,8 Welch Alley
Pamela,Ferguson,2009-05-03,pferguson2m@fastcompany.com,51-(461)805-8675,2 Onsgard Hill
Anne,Harper,1956-09-03,aharper2n@barnesandnoble.com,380-(800)495-4959,7231 Delladonna Circle
Joshua,Simpson,1994-11-30,jsimpson2o@phoca.cz,86-(405)209-6820,249 Kings Park
Sandra,Andrews,1953-01-24,sandrews2p@toplist.cz,62-(266)781-5840,87305 Lunder Plaza
Willie,Lopez,1959-05-17,wlopez2q@cyberchimps.com,86-(975)914-6394,0 Kennedy Alley
Anthony,Holmes,1967-10-05,aholmes2r@springer.com,46-(789)330-9090,7466 Morningstar Road
Barbara,Rice,2005-03-01,brice2s@economist.com,591-(386)461-0633,5862 Talmadge Alley
Justin,Howard,1988-05-25,jhoward2t@privacy.gov.au,86-(744)655-2024,9651 Hallows Circle
Rebecca,Wheeler,1956-12-14,rwheeler2u@digg.com,1-(919)964-9510,75914 Washington Crossing
Lawrence,Fox,1987-12-02,lfox2v@linkedin.com,49-(812)260-5786,2 Mallory Crossing
Gregory,Sanchez,1978-11-05,gsanchez2w@msu.edu,86-(418)513-5543,36035 Gateway Hill
Robert,Watkins,1955-04-07,rwatkins2x@purevolume.com,351-(382)229-0578,78665 Mitchell Place
Nancy,Patterson,1953-09-20,npatterson2y@163.com,7-(701)791-4380,784 7th Crossing
Fred,Carroll,1965-09-22,fcarroll2z@cargocollective.com,48-(638)224-0810,93 Stone Corner Place
Phyllis,Olson,1988-11-21,polson30@github.io,255-(863)688-2618,22989 Walton Junction
Martha,Roberts,1984-06-16,mroberts31@issuu.com,48-(876)995-3131,14141 Messerschmidt Drive
Michael,Hawkins,1993-05-12,mhawkins32@opera.com,86-(885)181-6719,41233 Granby Park
Rose,Fuller,1970-10-10,rfuller33@usatoday.com,86-(477)892-6504,77124 Fulton Street
Albert,Kim,1964-05-12,akim34@yahoo.co.jp,92-(461)464-2795,53563 Forest Hill
Rose,Rivera,1977-08-24,rrivera35@typepad.com,86-(613)636-7353,26848 Magdeline Hill
Stephanie,James,1976-02-18,sjames36@google.it,33-(239)918-6158,84849 Claremont Park
Joe,Ramos,1971-01-11,jramos37@deliciousdays.com,7-(257)733-7759,600 Grayhawk Crossing
Johnny,Marshall,1960-02-07,jmarshall38@ovh.net,46-(458)453-8238,33692 Crownhardt Crossing
Evelyn,Murphy,1991-10-09,emurphy39@nature.com,7-(501)690-4487,07 Fuller Plaza
Billy,Chavez,1987-11-30,bchavez3a@ox.ac.uk,62-(368)400-9954,78014 Norway Maple Terrace
Norma,Stephens,1960-03-15,nstephens3b@diigo.com,86-(269)615-9797,48 Debs Center
Jane,Ward,1951-03-06,jward3c@google.nl,48-(252)234-4058,140 Dayton Drive
Brandon,Lynch,2004-10-29,blynch3d@sina.com.cn,351-(972)348-0860,8594 Anhalt Road
Kathryn,Phillips,2007-09-15,kphillips3e@delicious.com,225-(275)270-7936,3 Florence Way
Karen,Porter,1960-09-15,kporter3f@springer.com,502-(431)676-7607,97 Orin Drive
Earl,Ferguson,1951-11-04,eferguson3g@intel.com,63-(790)490-0069,4 Pierstorff Trail
Jean,Ray,1970-04-25,jray3h@ifeng.com,598-(327)517-1304,8 Katie Avenue
David,Simpson,2006-12-05,dsimpson3i@independent.co.uk,44-(362)878-7774,4 Shopko Point
Joan,Roberts,1983-03-14,jroberts3j@1688.com,386-(501)954-9095,94732 Meadow Valley Junction
Nancy,Rose,1991-04-14,nrose3k@vimeo.com,86-(367)824-5917,7743 Gina Road
Joe,Hayes,1989-05-20,jhayes3l@ca.gov,261-(602)146-5462,698 Melvin Terrace
Janet,Simmons,1968-03-31,jsimmons3m@artisteer.com,358-(152)767-0720,469 East Way
Wanda,Carter,1976-09-20,wcarter3n@xinhuanet.com,420-(777)301-0664,85 International Parkway
Anna,Allen,1952-12-19,aallen3o@ustream.tv,51-(944)538-9201,2 Daystar Trail
Eric,Spencer,1981-12-20,espencer3p@nymag.com,86-(844)891-8204,5 Bartillon Crossing
Fred,Evans,1998-03-30,fevans3q@hubpages.com,373-(219)610-8242,30 Corben Avenue
Teresa,Stanley,1981-09-09,tstanley3r@reverbnation.com,381-(669)355-6300,0 Village Green Junction
Marilyn,Payne,1952-05-12,mpayne3s@youtube.com,86-(469)690-6897,0522 Crowley Trail
Emily,Washington,1987-05-25,ewashington3t@time.com,255-(817)415-6845,03092 Moulton Road
George,Simpson,1962-01-02,gsimpson3u@google.it,93-(452)769-7776,55081 Namekagon Crossing
Lori,Mills,1961-07-15,lmills3v@fc2.com,86-(644)796-3801,49 Morning Center
Bobby,Romero,1988-01-01,bromero3w@gizmodo.com,48-(306)129-6845,9692 Hoffman Pass
Earl,Warren,2005-07-29,ewarren3x@upenn.edu,60-(743)986-8499,60399 Hoepker Pass
Antonio,Tucker,1974-01-16,atucker3y@china.com.cn,57-(682)203-5000,28 Welch Place
Carlos,Burton,1983-10-02,cburton3z@discuz.net,86-(123)916-1718,5006 Logan Park
Catherine,Watson,1990-05-24,cwatson40@live.com,86-(550)885-2603,3488 4th Point
Eric,Burton,1988-01-13,eburton41@nba.com,353-(170)650-1702,00 North Court
Aaron,Jenkins,1982-06-07,ajenkins42@dailymotion.com,81-(783)261-9333,15 Veith Parkway
Margaret,Anderson,1999-09-24,manderson43@rediff.com,63-(847)648-9804,32 Lighthouse Bay Place
Debra,Phillips,1958-12-15,dphillips44@chron.com,961-(784)123-9305,4837 Dryden Place
Kathy,Rose,2006-03-15,krose45@istockphoto.com,63-(930)963-4882,98 Mayer Pass
Laura,Ortiz,1967-06-09,lortiz46@google.co.jp,33-(612)652-5455,32 Clarendon Point
Daniel,Collins,2006-07-19,dcollins47@tinypic.com,48-(417)773-8552,14256 Oakridge Alley
Jose,Arnold,1974-11-13,jarnold48@phpbb.com,381-(396)463-1300,4 Beilfuss Place
Marilyn,Johnston,2003-09-21,mjohnston49@wunderground.com,55-(633)127-0911,366 Cody Crossing
Antonio,Lane,1969-09-26,alane4a@nifty.com,48-(484)816-0814,1 Sutteridge Hill
Albert,Adams,1995-01-08,aadams4b@godaddy.com,86-(668)256-7527,7217 Canary Way
Katherine,Frazier,1958-12-26,kfrazier4c@samsung.com,86-(512)150-6264,02863 Dawn Junction
Roger,Oliver,1984-05-16,roliver4d@macromedia.com,267-(825)580-9771,715 Jana Place
Christina,Young,1991-09-10,cyoung4e@wsj.com,86-(152)776-5909,209 Washington Way
Norma,Crawford,2004-05-21,ncrawford4f@mediafire.com,54-(234)726-6311,57845 Florence Park
Martha,Allen,1970-04-19,mallen4g@e-recht24.de,351-(855)387-4853,6 Bay Plaza
George,Ferguson,1971-06-18,gferguson4h@nature.com,47-(667)935-3058,8 Michigan Crossing
Debra,Carpenter,1983-12-03,dcarpenter4i@ning.com,54-(654)476-0516,3 Florence Way
Julia,Richards,1987-08-06,jrichards4j@w3.org,227-(418)456-6397,1604 Twin Pines Park
Joan,Cook,2004-04-07,jcook4k@netscape.com,7-(687)768-5080,76 Manufacturers Street
Harry,Woods,1952-02-21,hwoods4l@vk.com,86-(210)984-3391,5 Bonner Hill
Lawrence,Elliott,1959-03-27,lelliott4m@google.ru,386-(919)701-8468,592 Judy Way
Antonio,Willis,1988-01-06,awillis4n@myspace.com,86-(760)143-6991,24212 Weeping Birch Court
Sandra,Parker,1981-11-01,sparker4o@sitemeter.com,359-(398)721-8277,5923 Nova Way
Martin,Ray,1970-12-24,mray4p@scientificamerican.com,46-(830)618-9183,1 Prairieview Parkway
Rebecca,Holmes,1954-11-08,rholmes4q@meetup.com,86-(125)386-0671,1311 Warner Park
Peter,Parker,1983-12-24,pparker4r@latimes.com,48-(327)558-9495,8 Maywood Junction
Mark,Sullivan,1958-05-31,msullivan4s@admin.ch,86-(405)601-0751,230 Jenna Place
Scott,Henry,1993-09-09,shenry4t@constantcontact.com,358-(953)103-4454,39722 Dunning Pass
Cheryl,Gilbert,1990-08-19,cgilbert4u@last.fm,62-(522)307-2787,9676 Mifflin Court
Roger,Stanley,1997-07-13,rstanley4v@wordpress.org,63-(470)968-9393,8 Helena Point
Melissa,Chavez,1989-10-21,mchavez4w@imdb.com,234-(778)239-8391,21405 Marquette Alley
Jack,Dunn,1957-06-17,jdunn4x@51.la,258-(948)933-6562,0816 Jackson Plaza
Michael,Murray,1960-06-18,mmurray4y@senate.gov,46-(607)371-9782,65840 Graceland Pass
Cynthia,Fox,1992-01-12,cfox4z@tamu.edu,358-(228)535-1336,94 Little Fleur Drive
John,Willis,1972-11-02,jwillis50@census.gov,62-(282)717-6443,0494 Delaware Drive
Nancy,Morris,1999-11-02,nmorris51@pen.io,62-(801)580-9215,9 Bultman Alley
Gregory,Cunningham,1996-11-21,gcunningham52@whitehouse.gov,81-(134)128-7568,25 Armistice Point
Amy,Franklin,2009-06-07,afranklin53@weebly.com,55-(717)336-1199,16290 Springview Drive
Alan,Coleman,1999-10-04,acoleman54@homestead.com,51-(766)515-7759,37527 Waubesa Point
Gregory,Ward,1956-08-07,gward55@bbb.org,86-(884)314-1404,10 Rutledge Plaza
Teresa,Bishop,1953-08-23,tbishop56@yolasite.com,58-(500)744-9745,880 Bunting Crossing
Jesse,Reynolds,1995-04-11,jreynolds57@fda.gov,236-(794)705-5452,1 Maryland Crossing
Diane,King,1968-01-12,dking58@apache.org,98-(367)922-0037,99 South Center
Ann,Reynolds,1980-07-27,areynolds59@trellian.com,357-(635)262-0962,3 Caliangt Junction
Marilyn,Wagner,1968-04-15,mwagner5a@sbwire.com,66-(412)553-3032,7 Prentice Hill
Heather,Hamilton,1995-06-23,hhamilton5b@businessweek.com,351-(863)455-4905,2 Lillian Road
Linda,Gardner,1980-01-14,lgardner5c@un.org,33-(279)606-9250,0813 Shasta Street
Ernest,Wagner,1979-04-19,ewagner5d@theatlantic.com,86-(365)859-4550,17 Cambridge Circle
Arthur,Lawson,1992-07-06,alawson5e@unicef.org,63-(179)919-4046,926 Crescent Oaks Place
Sean,Smith,2002-07-26,ssmith5f@csmonitor.com,47-(553)229-2627,3146 Banding Crossing
Christopher,Schmidt,1981-10-27,cschmidt5g@unicef.org,7-(198)916-4900,68552 Bayside Trail
Christopher,Walker,1968-11-27,cwalker5h@oracle.com,351-(649)668-0331,95 Garrison Parkway
Teresa,Fox,1964-08-23,tfox5i@nbcnews.com,237-(947)930-7289,736 Roxbury Street
Sean,Fox,1999-02-22,sfox5j@sohu.com,30-(990)662-8464,98970 Moose Way
Raymond,Gonzalez,1975-07-22,rgonzalez5k@topsy.com,57-(866)382-6404,48 Scoville Point
Kathy,Campbell,1979-09-23,kcampbell5l@goo.ne.jp,7-(642)804-0852,7 Hanover Crossing
Emily,Coleman,1992-05-16,ecoleman5m@theglobeandmail.com,49-(146)358-8013,309 Orin Center
Susan,Torres,1981-03-25,storres5n@smh.com.au,57-(774)317-6007,1991 Forest Hill
Sean,Hicks,1998-02-18,shicks5o@answers.com,33-(351)244-3283,89 Bobwhite Circle
Patrick,Gibson,1993-11-07,pgibson5p@360.cn,86-(734)419-3765,9 American Point
Philip,Gilbert,1988-02-22,pgilbert5q@purevolume.com,1-(405)671-9434,81467 Texas Terrace
Jerry,James,2006-04-14,jjames5r@oaic.gov.au,86-(574)640-3593,068 Ohio Parkway
Mildred,Webb,1993-10-30,mwebb5s@hibu.com,48-(415)315-6963,1168 Mcguire Trail
Matthew,Murray,1976-06-19,mmurray5t@gizmodo.com,373-(831)962-5604,03 Veith Plaza
Shirley,Hernandez,1964-03-04,shernandez5u@usda.gov,48-(696)758-9264,910 Buell Center
Sharon,Bryant,1956-06-10,sbryant5v@wikipedia.org,46-(478)314-5520,5 Northland Hill
Maria,Mitchell,1961-06-01,mmitchell5w@ocn.ne.jp,62-(340)329-3755,205 Hazelcrest Point
Margaret,Reyes,2000-07-16,mreyes5x@clickbank.net,86-(255)304-8438,431 Beilfuss Avenue
Karen,Wallace,1967-07-10,kwallace5y@google.com.au,1-(202)296-4774,27 Hayes Center
Chris,Gutierrez,1981-09-03,cgutierrez5z@canalblog.com,46-(552)616-7023,8082 Browning Junction
Janet,Sanders,1998-09-16,jsanders60@yahoo.co.jp,1-(336)238-2759,6 Ridgeway Plaza
Shirley,Duncan,1955-02-28,sduncan61@purevolume.com,234-(235)219-9472,42493 Longview Parkway
Edward,Gomez,1958-02-24,egomez62@google.com.au,86-(887)259-6908,41295 Weeping Birch Drive
Lawrence,Reyes,2002-04-07,lreyes63@sourceforge.net,98-(560)655-1806,7911 Milwaukee Road
Edward,Lawrence,1987-11-26,elawrence64@ovh.net,850-(150)887-0510,5148 Clove Avenue
Lori,Boyd,1962-10-17,lboyd65@mashable.com,86-(655)566-5209,31 Hagan Plaza
Amanda,King,1968-07-06,aking66@seattletimes.com,86-(713)182-0092,835 Schlimgen Park
Keith,Garcia,1992-03-05,kgarcia67@omniture.com,63-(389)860-8346,6 Crowley Street
Christopher,Cox,1956-01-14,ccox68@multiply.com,54-(752)744-9704,32880 Dunning Way
Nicholas,Long,1994-01-30,nlong69@delicious.com,380-(592)650-8321,4 Surrey Alley
Evelyn,Carr,1994-07-29,ecarr6a@constantcontact.com,86-(152)709-6194,040 Mcguire Lane
Fred,Dean,1992-08-14,fdean6b@loc.gov,62-(717)375-2963,3268 Laurel Park
Ashley,Weaver,1965-11-14,aweaver6c@walmart.com,86-(460)469-2125,54766 Annamark Pass
Todd,Hawkins,2004-06-16,thawkins6d@nytimes.com,351-(494)199-2992,2852 Michigan Trail
Ronald,Marshall,2003-11-27,rmarshall6e@google.pl,382-(174)733-6638,5858 Memorial Road
Melissa,Freeman,1979-08-07,mfreeman6f@umich.edu,46-(905)490-2890,783 Mallory Court
Russell,Flores,1968-01-30,rflores6g@wiley.com,212-(916)218-8335,82049 Springview Parkway
Willie,Anderson,2009-05-30,wanderson6h@zdnet.com,62-(754)163-0334,4189 Mayer Hill
Stephen,Freeman,1982-08-10,sfreeman6i@imageshack.us,86-(852)485-9094,26309 Continental Hill
Bruce,Bowman,1983-11-09,bbowman6j@simplemachines.org,351-(728)615-1571,7813 Lakewood Lane
Tammy,Rice,1970-08-28,trice6k@sfgate.com,86-(795)563-2032,8 Pankratz Drive
Pamela,Lawrence,1989-03-02,plawrence6l@amazon.co.jp,86-(720)506-3421,84 Sunbrook Terrace
Dorothy,Hunt,1964-03-15,dhunt6m@chronoengine.com,7-(612)637-7048,68515 Summit Drive
Willie,Rose,1966-01-25,wrose6n@usgs.gov,62-(408)219-6569,8 Westerfield Lane
Marie,Jordan,1980-08-28,mjordan6o@simplemachines.org,212-(855)587-5882,006 Bayside Terrace
Sara,Ray,1963-04-28,sray6p@howstuffworks.com,58-(700)883-2975,7 Troy Way
Sharon,Holmes,1956-09-14,sholmes6q@toplist.cz,46-(955)329-9855,24459 Marcy Point
Russell,Greene,1980-09-02,rgreene6r@nasa.gov,386-(416)653-6160,0857 Moland Drive
Roy,Gibson,1985-07-18,rgibson6s@hubpages.com,371-(873)311-6930,45 Hanover Hill
Edward,James,1991-03-09,ejames6t@nih.gov,62-(736)322-5230,847 1st Street
Russell,Jacobs,1984-05-15,rjacobs6u@virginia.edu,92-(515)973-8172,2311 Nancy Street
Christina,Gilbert,1953-01-07,cgilbert6v@bandcamp.com,81-(869)272-8350,373 Brown Junction
Clarence,Castillo,2002-06-29,ccastillo6w@clickbank.net,62-(744)605-8227,69065 East Terrace
Gloria,Ramirez,1953-03-28,gramirez6x@marriott.com,86-(327)298-5534,35270 Debs Lane
Steven,Stewart,1978-05-08,sstewart6y@nymag.com,98-(229)896-7255,95368 American Ash Hill
William,Perez,1978-05-27,wperez6z@netlog.com,351-(968)514-8911,9217 Algoma Hill
Jerry,Williamson,1963-11-13,jwilliamson70@trellian.com,62-(624)520-9628,0813 Lakewood Lane
Sean,Bennett,1950-12-04,sbennett71@slashdot.org,237-(750)754-1049,7 Dovetail Crossing
Carolyn,Simmons,1966-12-12,csimmons72@senate.gov,1-(518)231-1395,86 Maryland Junction
Jimmy,Montgomery,1952-12-08,jmontgomery73@vkontakte.ru,30-(535)491-8719,7441 Claremont Place
Virginia,Chavez,1956-11-18,vchavez74@cpanel.net,234-(230)499-7963,8574 Grim Street
Jeffrey,Wright,1958-02-06,jwright75@mayoclinic.com,55-(602)800-5220,51100 Garrison Crossing
Karen,Watkins,1969-11-06,kwatkins76@blogspot.com,7-(551)187-7702,6203 Scofield Road
Jeffrey,Bowman,1970-08-29,jbowman77@multiply.com,880-(221)114-7137,08553 Briar Crest Road
Cheryl,Simmons,1983-03-10,csimmons78@state.gov,48-(911)356-3400,965 Old Gate Way
Cynthia,Watson,1959-08-06,cwatson79@telegraph.co.uk,387-(431)746-5470,544 Twin Pines Trail
Bruce,Black,1952-04-17,bblack7a@nasa.gov,33-(797)511-6199,20 Glacier Hill Junction
Charles,Fernandez,1967-07-06,cfernandez7b@g.co,62-(454)857-2529,8623 Cardinal Hill
Christine,Austin,1976-06-14,caustin7c@example.com,86-(438)559-9708,9646 Spenser Place
Rebecca,Carroll,1960-12-08,rcarroll7d@moonfruit.com,502-(771)451-1267,947 Sage Junction
Fred,Peterson,1972-04-18,fpeterson7e@trellian.com,62-(952)288-2990,390 Namekagon Junction
Kathy,Lynch,1983-05-20,klynch7f@tinypic.com,27-(673)759-9235,10 Prairie Rose Road
Helen,Hawkins,1956-08-26,hhawkins7g@timesonline.co.uk,267-(744)331-9063,98 Crowley Road
Arthur,Fernandez,1974-12-07,afernandez7h@usnews.com,98-(779)369-9698,8209 Stephen Avenue
Brandon,Thomas,2000-10-11,bthomas7i@ning.com,351-(412)371-1221,272 Meadow Vale Circle
Jack,Edwards,1996-02-05,jedwards7j@prnewswire.com,1-(518)622-5801,8755 Holmberg Avenue
Kimberly,Mcdonald,2007-01-07,kmcdonald7k@google.ca,33-(465)159-8618,1283 Dennis Terrace
Roy,Bishop,1981-02-06,rbishop7l@weebly.com,963-(436)797-3385,87 Valley Edge Center
Harold,Andrews,1988-02-14,handrews7m@1688.com,54-(672)441-1948,8756 Onsgard Court
Judith,Ortiz,1954-08-23,jortiz7n@whitehouse.gov,63-(223)568-8825,6843 Eastlawn Court
Christopher,Pierce,1999-06-12,cpierce7o@home.pl,1-(432)290-0702,19 Ramsey Center
Annie,Berry,1967-01-22,aberry7p@homestead.com,82-(565)261-8418,71641 Helena Pass
George,Stewart,2001-03-10,gstewart7q@yolasite.com,62-(805)266-6680,7 Columbus Alley
Jimmy,Sims,1961-06-10,jsims7r@wordpress.com,33-(586)684-5823,6596 Hanover Court
Ruth,Russell,1968-11-03,rrussell7s@netlog.com,86-(144)842-9224,762 Weeping Birch Lane
Ronald,Anderson,1978-04-06,randerson7t@pinterest.com,86-(560)779-1014,127 Reindahl Drive
Jerry,Simmons,2009-06-26,jsimmons7u@technorati.com,46-(210)154-5384,34 Oxford Avenue
Ashley,Johnson,1952-08-03,ajohnson7v@hatena.ne.jp,57-(789)928-0357,33758 Lakewood Gardens Circle
Gerald,Graham,1955-06-19,ggraham7w@google.com.au,48-(124)723-1181,23 Ramsey Junction
Nicholas,Bell,1958-05-24,nbell7x@delicious.com,33-(706)504-8522,59425 Daystar Avenue
Adam,Cole,1993-03-07,acole7y@indiatimes.com,66-(167)168-3954,2 Bonner Junction
Maria,Fuller,1978-02-06,mfuller7z@hhs.gov,63-(302)718-0058,92 Stang Plaza
Ann,Cole,1994-02-02,acole80@hp.com,63-(595)329-5559,17 Welch Court
Jerry,Watson,1991-02-20,jwatson81@epa.gov,81-(716)854-5263,8 Hintze Hill
Mary,Holmes,1958-06-20,mholmes82@cafepress.com,62-(426)240-8278,28567 Clyde Gallagher Trail
Ernest,Woods,2006-07-04,ewoods83@myspace.com,62-(710)533-2470,2 Basil Center
Carol,Sims,1977-12-27,csims84@so-net.ne.jp,86-(318)929-1924,8261 Wayridge Hill
Doris,Simpson,1971-09-21,dsimpson85@facebook.com,63-(962)970-8408,7 Oriole Point
Sara,Jacobs,2003-12-25,sjacobs86@devhub.com,372-(328)917-9573,76 Coleman Center
Carolyn,Garcia,1983-01-04,cgarcia87@auda.org.au,63-(468)565-3271,346 Bowman Lane
Mildred,Hayes,1958-03-07,mhayes88@goo.gl,62-(476)406-6144,8 Londonderry Way
Joyce,Stewart,1962-02-23,jstewart89@sfgate.com,254-(328)380-3866,7678 Mallory Circle
Louise,Mitchell,1959-01-22,lmitchell8a@home.pl,62-(588)580-4538,41309 Bellgrove Center
Diane,Hudson,1967-06-03,dhudson8b@thetimes.co.uk,30-(504)779-8240,7350 Mendota Parkway
Douglas,Richards,1976-08-31,drichards8c@imdb.com,86-(257)882-5037,6282 Bluestem Terrace
Andrew,Rice,2008-05-16,arice8d@jiathis.com,235-(309)315-2676,17 Dapin Drive
Sara,Lee,1972-02-27,slee8e@fema.gov,86-(208)310-3715,76697 Declaration Circle
Ruby,Carroll,1988-08-28,rcarroll8f@1und1.de,62-(772)112-4972,9 Brown Parkway
Ernest,Henderson,1962-11-15,ehenderson8g@irs.gov,234-(442)597-1655,97 Crowley Center
Scott,Clark,1993-12-03,sclark8h@opensource.org,63-(800)135-7031,70130 American Ash Point
Rose,Cole,1983-05-26,rcole8i@chicagotribune.com,62-(638)815-4054,43122 Hudson Road
Christine,Mendoza,1992-02-03,cmendoza8j@jimdo.com,375-(150)100-4536,4390 Melby Crossing
Judith,Riley,2005-09-01,jriley8k@rediff.com,62-(406)911-9522,32 Longview Park
Margaret,Williamson,2001-10-31,mwilliamson8l@google.fr,386-(160)374-5665,9142 Butterfield Park
Gerald,Myers,2004-11-20,gmyers8m@goo.ne.jp,62-(941)765-2087,3670 Eastwood Junction
Donna,Grant,1989-01-11,dgrant8n@ucoz.ru,86-(799)714-3132,20 Anthes Way
Craig,Thompson,1986-07-06,cthompson8o@canalblog.com,55-(263)669-5880,0536 Bay Lane
Norma,Bishop,2000-11-14,nbishop8p@webnode.com,57-(452)957-1130,8 Texas Court
Joshua,Richards,1989-07-25,jrichards8q@buzzfeed.com,63-(630)272-5745,6 Forest Lane
Maria,Carpenter,1968-06-02,mcarpenter8r@miitbeian.gov.cn,62-(544)644-9277,680 West Center
Bruce,Fox,1962-02-23,bfox8s@ox.ac.uk,55-(862)154-2900,69 John Wall Place
Sharon,Arnold,1961-09-12,sarnold8t@cyberchimps.com,86-(543)447-8775,4982 Sugar Plaza
Robin,Patterson,2003-05-02,rpatterson8u@webnode.com,7-(763)563-9329,1219 Truax Junction
Elizabeth,Harper,1989-11-22,eharper8v@bizjournals.com,57-(810)277-2455,42 Reinke Center
Willie,West,1988-01-27,wwest8w@jalbum.net,60-(459)375-9827,575 Muir Park
Anne,Castillo,1969-07-14,acastillo8x@gizmodo.com,30-(358)369-3397,4 Ilene Street
Lisa,Ford,1994-12-07,lford8y@java.com,62-(155)734-2097,60839 Old Gate Pass
Tina,Snyder,1956-05-27,tsnyder8z@wiley.com,420-(514)853-2694,69 Jackson Terrace
Kenneth,Jordan,1994-08-07,kjordan90@taobao.com,86-(165)995-2134,45889 Troy Terrace
Amanda,Watkins,2000-11-29,awatkins91@csmonitor.com,963-(511)945-1021,66473 Corscot Court
Nancy,Mendoza,2006-12-29,nmendoza92@pcworld.com,62-(852)320-3931,745 Washington Alley
Randy,Foster,1999-05-23,rfoster93@ihg.com,51-(375)693-8836,8131 Mosinee Lane
Paula,Jenkins,1998-08-16,pjenkins94@usatoday.com,86-(667)862-6935,17645 Oxford Alley
Dennis,Hanson,2002-12-21,dhanson95@over-blog.com,996-(133)987-3323,58 Commercial Court
Susan,Peterson,1982-03-27,speterson96@samsung.com,504-(780)934-1970,2 New Castle Street
Martin,Austin,2001-05-31,maustin97@technorati.com,63-(755)714-4964,53 Monument Way
Marie,Rodriguez,1953-08-10,mrodriguez98@abc.net.au,62-(289)117-6550,97250 Tony Way
Stephanie,Gibson,1952-06-28,sgibson99@mapquest.com,86-(337)278-1336,676 Karstens Lane
David,Ramos,1962-11-05,dramos9a@prnewswire.com,358-(747)701-3659,2 Lerdahl Place
Jesse,Peters,1970-07-11,jpeters9b@sohu.com,86-(341)936-5846,4 Heath Avenue
Mildred,Sullivan,1956-03-08,msullivan9c@intel.com,62-(746)907-9198,96 Cordelia Road
Shirley,Moore,2002-03-13,smoore9d@phoca.cz,998-(432)463-5816,7 Northport Crossing
Kenneth,Garcia,1969-05-08,kgarcia9e@ihg.com,57-(605)692-4445,55152 Carioca Crossing
Ernest,Thompson,1997-06-03,ethompson9f@wiley.com,86-(966)368-5944,2655 Delaware Terrace
Benjamin,Fowler,1954-05-04,bfowler9g@com.com,30-(785)512-6233,42668 Burning Wood Avenue
Kathryn,Morales,1980-09-01,kmorales9h@g.co,63-(393)734-3727,56 Kingsford Junction
Stephen,Cooper,1976-01-02,scooper9i@blogspot.com,30-(413)104-6832,5 Judy Center
Johnny,Roberts,2006-09-15,jroberts9j@youtube.com,62-(897)764-9854,40 Dorton Avenue
Jacqueline,Rogers,1988-08-31,jrogers9k@theatlantic.com,371-(254)166-3285,0 Sloan Drive
Harry,Crawford,1966-12-11,hcrawford9l@phpbb.com,370-(926)461-4042,15 Atwood Avenue
Willie,Rose,1978-08-23,wrose9m@usgs.gov,230-(638)962-0873,25498 Eagan Avenue
Joan,Howell,1982-07-13,jhowell9n@dailymotion.com,62-(401)740-2506,54490 Kedzie Circle
Dorothy,Freeman,1962-02-14,dfreeman9o@sphinn.com,86-(243)528-0807,0073 Katie Parkway
Randy,Powell,1952-10-31,rpowell9p@alibaba.com,351-(259)417-8700,26 Merry Parkway
Rose,Wallace,1964-08-26,rwallace9q@sun.com,374-(771)122-3402,069 Fuller Avenue
Heather,Collins,1969-02-08,hcollins9r@xrea.com,62-(226)417-8094,26154 Cottonwood Drive
Debra,Little,2007-03-08,dlittle9s@wordpress.org,86-(893)818-4366,9461 Park Meadow Street
Julia,Kim,1964-10-12,jkim9t@desdev.cn,86-(835)907-5077,669 Farragut Circle
Denise,Bennett,1981-04-13,dbennett9u@meetup.com,33-(904)105-2895,064 Farragut Alley
Fred,Grant,1951-09-19,fgrant9v@salon.com,93-(142)903-9650,020 Debs Street
Kathryn,Oliver,1953-04-05,koliver9w@cafepress.com,62-(364)317-4280,366 8th Pass
Louise,Montgomery,1984-10-19,lmontgomery9x@walmart.com,86-(693)333-8306,02702 7th Drive
Kevin,Burton,1974-04-11,kburton9y@google.ru,48-(447)535-3243,6 Summer Ridge Terrace
Teresa,Kennedy,1956-03-06,tkennedy9z@pinterest.com,86-(504)323-9757,0 Boyd Place
James,Walker,1969-11-13,jwalkera0@cpanel.net,1-(256)595-1447,14913 Glendale Trail
James,Henderson,1977-12-08,jhendersona1@unblog.fr,7-(386)728-4691,5 1st Park
Lois,Greene,1974-09-15,lgreenea2@uol.com.br,62-(411)198-2153,14290 Transport Crossing
Steve,Harper,1982-09-08,sharpera3@geocities.jp,27-(546)736-4328,8 Raven Crossing
Tammy,Fisher,2003-03-30,tfishera4@dell.com,963-(576)144-2180,160 7th Alley
Amy,Alexander,2009-07-09,aalexandera5@ucsd.edu,92-(145)662-4346,15 Redwing Plaza
Douglas,Bryant,1972-05-29,dbryanta6@kickstarter.com,48-(104)429-7565,896 Forest Lane
Barbara,Bishop,1975-05-14,bbishopa7@fotki.com,63-(114)680-6336,49 Autumn Leaf Road
Ashley,Harper,1966-03-06,aharpera8@pen.io,994-(516)649-5414,733 Truax Way
Deborah,Murray,1984-06-12,dmurraya9@mashable.com,234-(552)883-5637,5 Loftsgordon Center
Stephanie,Collins,1975-01-24,scollinsaa@microsoft.com,84-(662)808-3226,13 Hoard Road
Dennis,Boyd,1971-02-14,dboydab@exblog.jp,46-(531)667-9944,39913 Logan Alley
Wayne,Brown,1973-04-26,wbrownac@discuz.net,86-(107)902-9983,8 Hoard Road
Ryan,Nichols,1954-07-08,rnicholsad@vkontakte.ru,66-(124)240-5444,7 Old Gate Center
Jimmy,Banks,1957-08-16,jbanksae@google.co.uk,502-(678)305-0847,7010 Rieder Trail
Lawrence,Cox,1951-09-13,lcoxaf@google.de,86-(917)488-5500,431 Leroy Parkway
Irene,Smith,1993-06-03,ismithag@pen.io,380-(925)396-9428,2 Steensland Parkway
Judith,Crawford,1994-02-19,jcrawfordah@dedecms.com,58-(194)701-6900,1475 Lukken Parkway
Justin,Garza,1956-11-15,jgarzaai@umn.edu,62-(676)285-1699,5033 Hollow Ridge Hill
Dennis,Williams,1985-07-15,dwilliamsaj@51.la,355-(694)706-4635,48908 Oak Valley Drive
Patricia,Lynch,1976-03-03,plynchak@ifeng.com,62-(318)561-4788,85 Springview Circle
Martha,Martin,1956-02-03,mmartinal@vimeo.com,269-(645)561-8935,5 Dryden Court
Louise,Welch,1984-09-02,lwelcham@wiley.com,86-(123)833-3362,5 Marcy Pass
Paul,Hawkins,1973-05-28,phawkinsan@friendfeed.com,63-(724)816-8690,10 Mallard Terrace
Elizabeth,Shaw,1974-01-03,eshawao@google.fr,687-(329)141-2509,751 Lakeland Trail
Carlos,Perez,1979-06-28,cperezap@blinklist.com,33-(219)583-9814,46 Pearson Point
Keith,Ryan,1987-07-15,kryanaq@unblog.fr,381-(591)491-4487,8830 Macpherson Junction
Harry,Perry,1957-08-16,hperryar@ehow.com,7-(694)152-1114,2 Oak Valley Alley
Julie,Richardson,1965-02-04,jrichardsonas@utexas.edu,86-(928)771-4554,66 Dovetail Lane
Carolyn,Fields,1965-05-30,cfieldsat@wikipedia.org,7-(206)953-2328,6 Kedzie Terrace
Shawn,Hunter,1962-07-03,shunterau@vistaprint.com,66-(758)259-5547,60 Moulton Pass
Scott,Berry,1995-07-18,sberryav@moonfruit.com,359-(243)763-7732,600 Stephen Lane
Joan,Bryant,2004-08-20,jbryantaw@amazon.co.jp,60-(366)338-3842,5 Manitowish Parkway
Dorothy,Stanley,1979-10-21,dstanleyax@newsvine.com,55-(860)813-5823,9 Loomis Circle
Rebecca,Fields,2005-02-18,rfieldsay@i2i.jp,81-(960)718-9969,8923 Dapin Trail
Emily,Bishop,1989-04-29,ebishopaz@wordpress.com,86-(401)627-3683,62509 Mandrake Point
Adam,Johnston,1974-09-19,ajohnstonb0@hibu.com,351-(668)838-9037,7187 Steensland Road
Marie,Ruiz,1973-12-08,mruizb1@ameblo.jp,60-(273)995-6409,06115 Quincy Crossing
Deborah,Dixon,1962-10-05,ddixonb2@forbes.com,351-(443)925-3781,236 1st Center
Bobby,Scott,1960-12-13,bscottb3@imdb.com,63-(166)815-1015,079 Hansons Center
Samuel,Franklin,1980-03-16,sfranklinb4@yale.edu,1-(214)430-4947,2510 Goodland Pass
Henry,Owens,1958-07-01,howensb5@histats.com,63-(668)663-6197,2 Kings Alley
Steve,Marshall,1979-05-01,smarshallb6@nps.gov,62-(495)751-0661,7238 Roth Trail
Larry,Armstrong,1960-05-21,larmstrongb7@aboutads.info,420-(902)688-4851,916 Gulseth Street
Lillian,Lynch,1961-10-31,llynchb8@miibeian.gov.cn,57-(611)937-8362,18 Bonner Hill
Marilyn,Rogers,2000-10-31,mrogersb9@webnode.com,53-(175)155-8845,41 Homewood Center
Roger,Davis,1963-05-23,rdavisba@accuweather.com,86-(458)750-9673,6863 Summer Ridge Plaza
Stephanie,Harper,1974-08-07,sharperbb@nsw.gov.au,62-(948)880-7853,485 Fairview Point
Lisa,Wright,1972-09-26,lwrightbc@state.tx.us,371-(928)592-5451,7616 Sage Terrace
Joshua,Mills,1952-03-19,jmillsbd@about.me,62-(621)914-7641,313 Meadow Vale Avenue
Jimmy,Arnold,1978-03-23,jarnoldbe@opensource.org,86-(165)476-6200,0 Esker Park
Alice,Morgan,1992-02-04,amorganbf@biglobe.ne.jp,380-(195)126-0882,2049 Farragut Lane
Philip,Gardner,1980-08-16,pgardnerbg@privacy.gov.au,86-(466)254-5277,82 Stephen Street
Virginia,Vasquez,1986-05-11,vvasquezbh@tamu.edu,7-(259)582-7847,26807 Fieldstone Pass
Carl,Campbell,1973-08-03,ccampbellbi@issuu.com,223-(588)428-1978,0 4th Park
Shawn,Richardson,1988-03-15,srichardsonbj@yellowpages.com,63-(525)234-5882,55265 Bultman Road
Katherine,Taylor,1971-05-10,ktaylorbk@mozilla.com,27-(982)448-6343,2025 Mcguire Junction
Robert,Burton,1975-08-05,rburtonbl@nba.com,351-(649)645-7037,5 Gerald Lane
Scott,Taylor,1997-03-04,staylorbm@berkeley.edu,63-(177)359-3120,92508 Lindbergh Hill
Samuel,Frazier,1966-03-14,sfrazierbn@cbslocal.com,86-(515)563-1694,4187 Dixon Circle
Brian,Harper,1962-11-13,bharperbo@shareasale.com,46-(357)604-3465,58 Southridge Circle
Laura,Williams,2002-06-23,lwilliamsbp@economist.com,7-(716)122-8916,9 Hauk Drive
Robert,Larson,2007-09-18,rlarsonbq@wisc.edu,358-(422)905-6146,49750 Schiller Way
Barbara,Bradley,2009-07-18,bbradleybr@slashdot.org,1-(719)663-6801,58 Gina Hill
Patricia,Hayes,1994-06-22,phayesbs@slideshare.net,58-(771)478-1945,46 Stone Corner Center
Martin,Spencer,1960-12-16,mspencerbt@paginegialle.it,7-(911)300-1484,789 Ronald Regan Street
Shirley,Rivera,1998-06-25,sriverabu@microsoft.com,86-(513)429-7059,205 Service Place
Craig,Johnson,1968-06-26,cjohnsonbv@hp.com,31-(463)822-6449,91 Oriole Junction
Katherine,Carr,1963-08-02,kcarrbw@seattletimes.com,62-(724)527-3208,6273 Kingsford Point
Carl,Foster,2004-02-24,cfosterbx@hugedomains.com,98-(677)756-3515,154 6th Terrace
Jeremy,Gutierrez,1975-02-10,jgutierrezby@cdc.gov,63-(572)536-1539,11 Badeau Pass
Maria,Moreno,1972-06-03,mmorenobz@people.com.cn,86-(556)924-5310,320 Prairie Rose Terrace
Martin,Peters,1999-12-07,mpetersc0@furl.net,51-(494)282-8249,2800 Dwight Way
Lori,Warren,1979-12-16,lwarrenc1@wisc.edu,54-(849)747-1731,14 Luster Center
Jimmy,Gomez,1968-05-27,jgomezc2@homestead.com,62-(426)799-4342,6723 Maple Wood Way
Juan,Walker,1972-09-20,jwalkerc3@utexas.edu,46-(939)230-8498,3796 Sunfield Street
Judith,Barnes,1954-05-14,jbarnesc4@sogou.com,358-(786)339-8952,32602 Manley Lane
Irene,Alexander,1957-01-16,ialexanderc5@purevolume.com,63-(275)768-4215,056 Portage Point
Steven,Harris,1955-05-10,sharrisc6@blogs.com,63-(186)644-1784,74 Dexter Drive
Phyllis,Allen,1959-06-18,pallenc7@diigo.com,86-(300)240-3837,96697 Bashford Avenue
Ruby,Andrews,1953-12-21,randrewsc8@marketwatch.com,7-(548)317-0717,4054 Moulton Trail
Sarah,Simmons,1976-01-25,ssimmonsc9@miibeian.gov.cn,94-(365)965-2228,57877 Lighthouse Bay Parkway
Kathryn,Elliott,1972-03-25,kelliottca@multiply.com,420-(658)556-4563,293 Warbler Lane
Rachel,Coleman,1993-09-29,rcolemancb@flavors.me,1-(203)436-3296,501 Lakewood Gardens Alley
Stephen,Patterson,2008-03-08,spattersoncc@who.int,7-(582)244-4062,7021 Forest Dale Junction
Steven,Stephens,1964-07-09,sstephenscd@si.edu,62-(768)684-7522,011 Derek Point
Brandon,Kennedy,2002-11-20,bkennedyce@theatlantic.com,373-(692)818-3916,8 Declaration Place
Walter,Johnston,1976-08-12,wjohnstoncf@netscape.com,86-(299)640-8491,652 1st Court
Lois,Alvarez,1965-06-26,lalvarezcg@aol.com,62-(304)276-1087,9296 Fuller Hill
Juan,Porter,1967-09-04,jporterch@whitehouse.gov,55-(245)691-9153,7 Dottie Court
Tina,Stewart,1990-07-09,tstewartci@discuz.net,51-(914)686-4537,71214 Cascade Point
Karen,Garcia,1954-12-13,kgarciacj@rediff.com,86-(331)919-1682,8861 Ilene Place
Wanda,Ross,2006-03-01,wrossck@google.nl,420-(120)967-4161,0 Badeau Pass
Roy,Richardson,1998-11-19,rrichardsoncl@sina.com.cn,375-(781)607-3016,703 Calypso Pass
Robert,Allen,1982-03-06,rallencm@netlog.com,55-(133)357-1551,8 Drewry Crossing
Daniel,Ruiz,1965-10-25,druizcn@jugem.jp,86-(662)216-8045,9 Farwell Park
Eric,Riley,2007-01-03,erileyco@cisco.com,62-(292)683-0923,1 Jenna Trail
Ralph,Myers,1990-03-27,rmyerscp@creativecommons.org,351-(424)791-2867,68649 Annamark Trail
Matthew,Stanley,1993-04-08,mstanleycq@newyorker.com,33-(435)437-6477,7 Blaine Junction
Janice,Stanley,2003-02-10,jstanleycr@gravatar.com,86-(515)699-4684,05 Mockingbird Circle
Angela,Rice,1995-04-17,aricecs@google.co.jp,86-(212)870-9557,87806 Anderson Plaza
Bonnie,Crawford,1970-03-01,bcrawfordct@nyu.edu,261-(141)961-4880,59 Redwing Place
Henry,Nichols,1952-01-08,hnicholscu@accuweather.com,420-(612)184-8733,0162 Garrison Drive
Angela,Bailey,1983-06-22,abaileycv@furl.net,351-(801)648-8005,65084 Fairfield Plaza
Jose,Harper,1982-02-01,jharpercw@boston.com,223-(507)703-1808,56 Sheridan Court
Teresa,Day,1973-10-12,tdaycx@ibm.com,63-(165)489-2029,280 Mendota Hill
Marie,Hunter,1984-05-30,mhuntercy@ox.ac.uk,234-(427)338-2603,0240 Maple Hill
Emily,Gomez,1985-09-02,egomezcz@posterous.com,7-(990)953-5521,25828 Ridge Oak Place
Jane,Spencer,1981-05-15,jspencerd0@nytimes.com,1-(209)615-0322,06 Northland Road
Lois,Stephens,1990-08-26,lstephensd1@soundcloud.com,30-(594)115-4675,143 Monument Drive
Harry,Phillips,1958-02-08,hphillipsd2@elegantthemes.com,63-(578)618-2363,55 Armistice Park
Raymond,Garcia,2004-07-26,rgarciad3@csmonitor.com,1-(360)188-4682,17741 Cardinal Parkway
Anna,Kim,1960-06-29,akimd4@51.la,880-(876)453-8112,80 Bobwhite Plaza
Heather,Chavez,2008-12-27,hchavezd5@godaddy.com,351-(559)965-2536,3131 Rutledge Drive
Carol,Green,1997-09-29,cgreend6@thetimes.co.uk,351-(743)641-4725,79971 4th Court
Rachel,Perkins,1984-10-19,rperkinsd7@cafepress.com,1-(513)919-1682,15548 Basil Center
Dorothy,Walker,1986-03-17,dwalkerd8@pen.io,46-(152)321-3589,84329 Meadow Ridge Hill
Jerry,Hunter,1961-10-08,jhunterd9@ucoz.ru,62-(922)358-9852,1 Mallory Road
Heather,Williamson,2003-10-03,hwilliamsonda@theglobeandmail.com,66-(790)234-5244,3745 Springview Lane
Gregory,Lawrence,1997-08-30,glawrencedb@networksolutions.com,46-(153)808-0225,6182 Pine View Place
Christine,Banks,1970-04-25,cbanksdc@t.co,33-(788)187-0786,40 Veith Street
Tina,Sullivan,1981-07-27,tsullivandd@multiply.com,675-(255)630-0487,5 Commercial Lane
Andrea,Murphy,1954-01-01,amurphyde@google.ru,81-(732)585-2140,87906 Center Parkway
Lori,Lopez,1964-03-17,llopezdf@istockphoto.com,86-(842)483-3968,92002 Heath Place
Arthur,Schmidt,1962-05-03,aschmidtdg@cafepress.com,86-(333)756-8046,83 Lawn Point
Christine,Price,1971-11-16,cpricedh@google.pl,354-(661)149-0333,202 Fieldstone Terrace
Janet,Reyes,1986-11-03,jreyesdi@csmonitor.com,1-(563)236-3391,0 Shoshone Terrace
Antonio,Wheeler,1967-03-13,awheelerdj@artisteer.com,420-(253)510-8543,991 Bowman Crossing
Sara,Little,1990-08-07,slittledk@printfriendly.com,502-(449)327-0286,3759 Lunder Road
Joan,Richards,2008-10-10,jrichardsdl@usda.gov,93-(567)846-2717,73357 Calypso Terrace
Lori,Wilson,1993-08-24,lwilsondm@51.la,86-(288)163-5931,46 Dennis Crossing
Raymond,Gonzales,1978-08-13,rgonzalesdn@wiley.com,66-(332)478-5024,4777 Garrison Pass
Tina,Sanchez,1996-10-01,tsanchezdo@liveinternet.ru,81-(952)801-7883,187 Eastwood Trail
Jerry,Garza,1953-06-10,jgarzadp@washington.edu,46-(694)671-1835,27217 Fairview Way
Gregory,Thompson,2000-03-30,gthompsondq@nature.com,55-(338)152-3738,7585 Mayfield Alley
Jessica,Ramos,2003-11-08,jramosdr@histats.com,48-(618)758-3876,861 Cascade Drive
Paula,Thomas,1973-05-19,pthomasds@ezinearticles.com,62-(744)377-4625,99684 Northland Plaza
Mary,Powell,1976-01-01,mpowelldt@livejournal.com,54-(924)123-4612,51291 Waywood Trail
Lawrence,Hansen,1993-07-14,lhansendu@gizmodo.com,358-(472)859-0446,32083 Nelson Road
Jeremy,Patterson,2004-01-23,jpattersondv@cam.ac.uk,1-(115)293-1310,43 Miller Terrace
Michelle,Richardson,1976-12-23,mrichardsondw@geocities.com,33-(253)794-6585,5 Fallview Point
Jacqueline,Carter,1992-12-25,jcarterdx@elegantthemes.com,86-(405)250-1029,83558 Manitowish Way
Jennifer,Walker,2005-09-13,jwalkerdy@apple.com,86-(827)300-5459,276 Eagan Trail
Joyce,Stephens,1997-03-22,jstephensdz@meetup.com,54-(922)794-7880,26760 Marcy Road
Nicholas,Kennedy,1955-09-21,nkennedye0@imageshack.us,86-(223)449-9919,8355 American Ash Point
Sandra,Lee,1977-04-26,sleee1@cdc.gov,86-(118)804-0485,62769 Lake View Avenue
Douglas,Nelson,1975-10-28,dnelsone2@prnewswire.com,86-(245)182-1283,4 Superior Trail
Steven,Collins,2005-07-10,scollinse3@nydailynews.com,86-(321)332-8280,028 Utah Hill
Jimmy,Little,1998-08-20,jlittlee4@plala.or.jp,66-(360)150-5894,49 Lukken Junction
Philip,Hansen,1957-11-21,phansene5@livejournal.com,33-(485)790-2289,1310 Almo Parkway
Bobby,Morrison,1968-08-22,bmorrisone6@histats.com,86-(545)993-3801,3207 Anniversary Court
Arthur,Allen,2007-07-04,aallene7@fastcompany.com,86-(548)714-7226,2 Vahlen Place
Alan,King,2004-02-29,akinge8@instagram.com,51-(998)671-6267,36 Meadow Valley Park
Stephen,Carroll,2006-08-25,scarrolle9@answers.com,1-(337)449-1403,759 Lunder Drive
Shirley,Jones,1978-02-17,sjonesea@intel.com,994-(816)839-1260,96166 1st Alley
Ruth,Lawson,1955-06-09,rlawsoneb@cnn.com,86-(928)274-4340,187 Vernon Way
Bonnie,Rivera,2008-09-09,briveraec@bbc.co.uk,62-(188)814-5610,19 Trailsway Circle
Jesse,Carroll,2001-06-19,jcarrolled@pen.io,86-(834)275-0046,3 Pond Park
Sarah,Lawrence,1971-04-06,slawrenceee@china.com.cn,57-(611)593-7034,187 Toban Road
Steven,Miller,1986-09-16,smilleref@europa.eu,62-(483)183-8636,32 Garrison Junction
Sarah,Burke,1989-05-16,sburkeeg@gravatar.com,33-(237)641-7861,56517 Florence Alley
Stephanie,Greene,2008-05-26,sgreeneeh@addtoany.com,86-(465)486-1070,73967 Sage Terrace
Jimmy,Morrison,2004-05-03,jmorrisonei@ebay.co.uk,55-(683)272-6447,30772 Melvin Parkway
Karen,Freeman,1983-03-15,kfreemanej@telegraph.co.uk,62-(522)621-8243,814 Hanover Crossing
Albert,Spencer,1995-03-09,aspencerek@technorati.com,241-(777)403-6824,5095 Bluestem Park
Jerry,Bryant,1965-05-18,jbryantel@theglobeandmail.com,62-(730)934-7919,305 Artisan Plaza
Wanda,Boyd,1971-02-10,wboydem@mtv.com,30-(896)832-3742,52 Oneill Road
Deborah,Bell,1974-07-07,dbellen@princeton.edu,66-(355)561-7997,676 Kennedy Park
Jesse,Gomez,1998-05-15,jgomezeo@istockphoto.com,86-(832)618-7703,03933 Forest Run Street
Ronald,Kelley,1970-12-11,rkelleyep@de.vu,52-(950)871-8590,75968 Caliangt Terrace
Laura,Barnes,1987-01-23,lbarneseq@slate.com,86-(647)755-4233,05 Cody Lane
Wanda,Fowler,1956-02-13,wfowlerer@gravatar.com,54-(301)877-0804,92114 Esch Street
Cheryl,Olson,1975-04-23,colsones@cocolog-nifty.com,48-(480)234-0476,31 Banding Way
Henry,Berry,2004-10-27,hberryet@walmart.com,354-(592)977-3553,543 Marcy Hill
Rebecca,Freeman,1974-04-24,rfreemaneu@domainmarket.com,86-(607)477-5875,368 Elka Plaza
Joan,Hansen,1983-03-07,jhansenev@loc.gov,63-(642)395-3473,6196 Morrow Hill
Dorothy,Franklin,1992-12-06,dfranklinew@archive.org,976-(803)125-5503,04 Dorton Terrace
Linda,Bradley,2003-08-09,lbradleyex@nationalgeographic.com,359-(647)517-9712,6 Laurel Avenue
Lillian,Kim,1985-08-19,lkimey@blogtalkradio.com,62-(940)677-1808,7695 Straubel Pass
Aaron,Myers,1972-01-03,amyersez@123-reg.co.uk,55-(203)236-2864,5137 Pond Parkway
Christina,Hicks,1952-07-19,chicksf0@cbc.ca,86-(160)689-4014,14484 Atwood Alley
Nancy,Montgomery,1965-10-09,nmontgomeryf1@unblog.fr,7-(479)748-9336,2 Waubesa Crossing
Tammy,Chapman,2008-02-28,tchapmanf2@irs.gov,46-(711)842-0869,78397 Mccormick Street
Ruby,Weaver,1956-02-01,rweaverf3@chicagotribune.com,46-(224)130-5517,58857 Mesta Parkway
Angela,Ortiz,1953-01-10,aortizf4@tamu.edu,33-(393)272-6000,8571 Judy Alley
Jennifer,Spencer,1965-12-23,jspencerf5@simplemachines.org,63-(659)805-7159,812 Forest Run Crossing
Charles,Allen,1963-12-21,callenf6@patch.com,1-(389)713-6363,549 Monterey Place
Margaret,Phillips,1956-01-11,mphillipsf7@woothemes.com,48-(935)703-7828,31279 Fairview Trail
Martha,Bradley,1970-12-11,mbradleyf8@netvibes.com,380-(582)216-3066,6 Milwaukee Court
Aaron,Harrison,1954-03-13,aharrisonf9@stumbleupon.com,33-(376)317-4056,81963 Express Court
Nicole,Hill,1979-09-16,nhillfa@netvibes.com,351-(440)145-0100,90 Mandrake Trail
Jerry,Kennedy,1997-02-18,jkennedyfb@omniture.com,63-(274)256-6872,90 Butterfield Trail
Jimmy,Hunter,2009-09-16,jhunterfc@geocities.jp,234-(128)982-5022,30 Burrows Center
Shirley,Ferguson,2000-06-07,sfergusonfd@ezinearticles.com,63-(196)176-3986,57001 Union Park
Eugene,Bell,1997-12-18,ebellfe@shareasale.com,7-(839)143-3524,457 Bay Park
Katherine,Sullivan,1952-10-07,ksullivanff@infoseek.co.jp,63-(883)781-1412,3525 Shasta Hill
Teresa,Webb,2000-02-20,twebbfg@sun.com,54-(283)205-1043,3558 Sullivan Parkway
Roy,Stewart,1961-02-04,rstewartfh@usa.gov,86-(961)113-6500,619 Corscot Place
Christopher,Martin,1967-03-09,cmartinfi@cnbc.com,62-(483)944-8456,92 Hazelcrest Plaza
Helen,Parker,1987-03-18,hparkerfj@gmpg.org,60-(177)343-9211,0 Menomonie Junction
Billy,Lane,1950-05-09,blanefk@imgur.com,33-(385)716-9842,2 Drewry Plaza
Jose,Flores,1950-09-21,jfloresfl@storify.com,86-(798)810-7435,507 Esch Avenue
Martin,Rodriguez,1952-07-09,mrodriguezfm@guardian.co.uk,86-(897)818-6950,275 Duke Crossing
Daniel,Hamilton,1961-11-05,dhamiltonfn@163.com,7-(944)982-8438,64822 Pawling Center
Deborah,Greene,1957-06-26,dgreenefo@about.com,62-(731)194-6777,763 Debs Drive
Julie,Bell,1983-11-23,jbellfp@goo.gl,84-(535)601-1263,26 Holy Cross Pass
Laura,Hunter,2009-02-05,lhunterfq@ucla.edu,48-(542)795-0077,89082 Walton Way
Marie,Richards,1996-05-03,mrichardsfr@free.fr,62-(613)187-3622,87189 Jenifer Street
Gloria,Robertson,1985-01-29,grobertsonfs@cocolog-nifty.com,54-(554)551-8475,0 Maywood Street
Ruth,White,1999-08-25,rwhiteft@narod.ru,1-(344)574-2160,145 Vernon Plaza
Michelle,Stephens,1987-12-20,mstephensfu@ihg.com,62-(927)466-7671,17931 Pearson Avenue
Kelly,Wheeler,1971-07-16,kwheelerfv@bing.com,386-(696)872-0408,29 Michigan Hill
Kathryn,Gonzalez,2008-10-07,kgonzalezfw@is.gd,55-(293)337-4027,334 Clyde Gallagher Street
Benjamin,Kim,1995-12-30,bkimfx@walmart.com,62-(735)286-8600,15 Beilfuss Street
Doris,Henry,1976-04-16,dhenryfy@redcross.org,7-(142)492-5568,0920 Londonderry Parkway
Bruce,Armstrong,1992-05-08,barmstrongfz@vimeo.com,48-(570)518-9424,8 Arkansas Road
Lawrence,Knight,1958-01-24,lknightg0@dyndns.org,354-(633)351-5562,6 Fallview Terrace
Phyllis,Webb,1981-09-16,pwebbg1@amazonaws.com,86-(735)137-2782,3539 Hintze Street
Raymond,Butler,1955-08-02,rbutlerg2@icio.us,679-(445)766-3152,21633 Marcy Terrace
Robin,Long,1960-09-17,rlongg3@paypal.com,62-(588)357-6156,8 West Street
Jimmy,Oliver,1983-05-31,joliverg4@hubpages.com,62-(645)225-6519,8135 School Terrace
Diane,Webb,2009-08-01,dwebbg5@nytimes.com,63-(498)871-4675,257 Ludington Drive
Thomas,Ferguson,2006-10-25,tfergusong6@jimdo.com,86-(195)617-1491,97 Esker Hill
Lisa,Hicks,1959-04-14,lhicksg7@tmall.com,30-(112)390-3467,27302 Algoma Junction
George,Austin,1997-02-05,gausting8@goo.gl,1-(617)113-4439,2 Boyd Park
Martin,Alexander,1983-06-15,malexanderg9@home.pl,1-(734)648-6216,1 Meadow Vale Trail
Antonio,Russell,1988-09-09,arussellga@foxnews.com,48-(378)969-5821,4817 Carpenter Parkway
Lori,Burns,1965-06-19,lburnsgb@slashdot.org,57-(220)672-4055,6 Pankratz Road
Kelly,Lynch,2004-12-17,klynchgc@surveymonkey.com,420-(492)802-6187,5 Hintze Pass
Shirley,Reynolds,1985-03-02,sreynoldsgd@upenn.edu,46-(674)319-0167,3 Lindbergh Pass
Andrea,Lopez,1990-08-17,alopezge@wikipedia.org,994-(486)109-9566,93 Northport Court
Lois,Hawkins,1997-07-22,lhawkinsgf@delicious.com,7-(700)248-3785,3785 Vermont Terrace
Teresa,Duncan,1999-03-30,tduncangg@bluehost.com,7-(773)939-6646,8 Kings Alley
Juan,Lopez,1984-08-09,jlopezgh@furl.net,238-(371)881-8216,9724 Acker Junction
Cynthia,Greene,1980-05-25,cgreenegi@pinterest.com,234-(437)797-4397,34287 Ryan Trail
Carlos,Wood,1967-01-09,cwoodgj@patch.com,351-(752)586-7323,9890 Gerald Way
Bobby,Matthews,1961-04-18,bmatthewsgk@vinaora.com,995-(330)111-8530,8078 Lakewood Gardens Trail
Melissa,Taylor,1960-10-29,mtaylorgl@reverbnation.com,66-(776)187-8904,1 Lakeland Terrace
Brandon,Williamson,1984-03-25,bwilliamsongm@businessinsider.com,62-(507)652-0288,0633 Blackbird Junction
Paula,Gray,1987-12-17,pgraygn@wikimedia.org,1-(225)525-7298,38 Westend Pass
Albert,Hall,1981-09-27,ahallgo@meetup.com,256-(774)373-3059,45 Troy Pass
William,Allen,1950-05-18,wallengp@fotki.com,591-(156)542-4297,79218 Eggendart Alley
Laura,Ortiz,1968-01-03,lortizgq@pbs.org,86-(176)308-1022,35 Lillian Alley
Frank,Watkins,1974-04-16,fwatkinsgr@utexas.edu,55-(724)782-3800,5287 Talisman Drive
Karen,Lynch,1993-05-29,klynchgs@wordpress.org,963-(565)831-7057,58 Pleasure Alley
Brenda,Ford,1972-12-15,bfordgt@washingtonpost.com,86-(182)194-3086,6645 Moose Court
Diana,Perez,1974-02-07,dperezgu@hibu.com,52-(675)540-2608,36 Badeau Crossing
Martha,Reyes,1963-06-28,mreyesgv@livejournal.com,62-(260)359-0181,8468 Birchwood Parkway
Denise,Green,1970-09-04,dgreengw@answers.com,86-(715)192-9180,82833 Londonderry Park
Sean,Chapman,1969-11-18,schapmangx@jugem.jp,1-(518)775-2043,739 Eggendart Circle
Eugene,Cook,1968-01-30,ecookgy@psu.edu,852-(686)250-5576,93240 Carberry Drive
Peter,Watkins,1964-02-12,pwatkinsgz@buzzfeed.com,48-(221)421-8729,1 Havey Place
Rebecca,Johnston,1953-04-13,rjohnstonh0@economist.com,92-(958)102-3094,00 Continental Court
Maria,Williams,1999-07-04,mwilliamsh1@squarespace.com,1-(216)361-1415,659 Stoughton Place
Betty,Simmons,1983-04-02,bsimmonsh2@dell.com,374-(529)453-9737,7 Northfield Alley
Brenda,Garrett,1974-08-31,bgarretth3@tuttocitta.it,55-(754)415-8414,2 Corry Park
Phyllis,Rodriguez,1957-06-10,prodriguezh4@globo.com,30-(702)854-3271,928 Fremont Plaza
Joseph,Bailey,1990-03-14,jbaileyh5@stumbleupon.com,62-(218)890-8632,01 Charing Cross Place
Sean,Brooks,1952-06-04,sbrooksh6@china.com.cn,420-(910)878-7074,755 Golden Leaf Alley
Eric,Reed,1977-04-20,ereedh7@jiathis.com,54-(126)126-9468,03499 Vermont Trail
Lori,Mitchell,2000-03-11,lmitchellh8@i2i.jp,380-(221)772-0257,0 Sugar Drive
Martha,Hughes,1978-06-14,mhughesh9@washington.edu,7-(610)927-7802,07660 Moland Avenue
Cynthia,Hall,2002-06-03,challha@arstechnica.com,81-(788)650-3118,182 Hovde Center
Justin,Foster,1999-12-01,jfosterhb@blogger.com,51-(805)348-5862,4 Kennedy Point
Carl,Cooper,1972-01-03,ccooperhc@moonfruit.com,7-(817)855-2760,484 Eliot Crossing
Martha,Kim,1989-02-10,mkimhd@cisco.com,44-(189)238-6478,5 Jenifer Circle
John,Johnson,2007-08-22,jjohnsonhe@facebook.com,54-(203)243-0214,6459 Maple Circle
Rose,Gibson,1981-09-14,rgibsonhf@blogger.com,234-(109)517-2347,3270 Clemons Parkway
John,Lopez,2008-06-28,jlopezhg@senate.gov,7-(560)980-5479,360 Reindahl Plaza
Joyce,Hawkins,1977-09-22,jhawkinshh@plala.or.jp,30-(475)428-6224,6675 Service Park
Jason,Johnson,1969-06-27,jjohnsonhi@youtube.com,86-(356)348-5535,955 Sommers Terrace
Joseph,Alexander,1972-04-26,jalexanderhj@com.com,597-(597)514-3635,2093 Larry Trail
David,Holmes,1963-03-08,dholmeshk@nationalgeographic.com,54-(567)952-3704,11 Rowland Alley
Jack,Walker,1999-01-06,jwalkerhl@yelp.com,380-(564)449-2048,478 Harper Hill
Juan,Andrews,1998-09-17,jandrewshm@wordpress.com,351-(749)504-7863,0 Rigney Street
Martin,Gibson,2001-09-01,mgibsonhn@sakura.ne.jp,62-(939)570-7926,7 Talmadge Terrace
Judith,Riley,1994-01-12,jrileyho@jalbum.net,355-(629)863-7123,8877 Blue Bill Park Parkway
Earl,Bailey,1987-05-17,ebaileyhp@mit.edu,1-(860)706-4633,46 Rowland Plaza
Stephen,Flores,2002-08-27,sfloreshq@cbslocal.com,33-(416)196-4369,6777 Thompson Street
Stephanie,Simmons,1966-10-05,ssimmonshr@homestead.com,62-(534)742-2223,6023 Waywood Court
Tammy,Lynch,1987-04-29,tlynchhs@harvard.edu,86-(775)691-3192,9706 Thompson Drive
Philip,Hall,1994-11-12,phallht@yelp.com,62-(713)520-4028,6 Golf View Junction
Martha,Andrews,1956-05-03,mandrewshu@homestead.com,351-(812)730-7977,0832 Bellgrove Avenue
Jennifer,Harvey,1989-06-20,jharveyhv@boston.com,7-(724)914-7615,3 Lawn Crossing
Julia,Harvey,2004-05-21,jharveyhw@mozilla.org,62-(221)243-2269,3 Becker Avenue
Robert,Long,1968-10-04,rlonghx@yolasite.com,62-(808)333-7823,96 Granby Alley
Jason,Flores,1959-11-26,jfloreshy@pen.io,54-(939)467-3574,868 Carey Junction
Brian,Franklin,1969-11-17,bfranklinhz@foxnews.com,86-(371)155-9594,77 Bartelt Terrace
Andrea,Wagner,1969-10-06,awagneri0@purevolume.com,62-(952)440-5208,741 Cody Street
Samuel,Watson,2001-07-03,swatsoni1@usa.gov,94-(909)465-3699,7411 Sherman Pass
Earl,Warren,1969-05-21,ewarreni2@addthis.com,52-(969)723-8376,70 Cherokee Crossing
Kevin,Freeman,1966-05-18,kfreemani3@istockphoto.com,86-(205)826-7087,449 Swallow Drive
Thomas,Wright,1959-02-11,twrighti4@mit.edu,994-(393)459-0439,5236 Summerview Junction
Jeremy,Williams,1977-07-27,jwilliamsi5@surveymonkey.com,54-(149)641-2507,46 Blaine Lane
Bruce,Ortiz,2005-08-09,bortizi6@webeden.co.uk,86-(581)614-5152,06 Atwood Road
Richard,Carroll,2001-01-08,rcarrolli7@list-manage.com,62-(853)278-2589,987 Kim Circle
Thomas,Reed,1974-11-18,treedi8@admin.ch,255-(882)656-0803,9 Canary Way
Sean,Perry,2003-10-31,sperryi9@spotify.com,98-(185)112-4260,636 Steensland Way
Jesse,Duncan,1955-04-20,jduncania@github.com,355-(482)629-5758,83 Delladonna Place
Michael,Arnold,1987-08-26,marnoldib@google.co.jp,86-(827)275-4403,92 Schmedeman Way
Jeffrey,Gardner,1989-10-27,jgardneric@state.tx.us,66-(854)166-3597,7502 Amoth Way
Kelly,Richardson,1964-09-29,krichardsonid@tmall.com,86-(954)599-4991,39 Swallow Hill
Gregory,Hudson,1962-11-12,ghudsonie@admin.ch,63-(837)605-7816,4391 Lukken Lane
Kathy,Olson,1985-06-23,kolsonif@ft.com,46-(557)773-6780,32 Rigney Center
Jennifer,Gutierrez,1972-12-15,jgutierrezig@imageshack.us,355-(389)582-9723,34495 Haas Plaza
Stephanie,Rivera,1951-05-26,sriveraih@webmd.com,358-(157)640-9529,5458 Lotheville Court
Jesse,Garcia,1959-03-13,jgarciaii@yandex.ru,57-(214)944-2785,91 Green Ridge Way
Stephanie,Parker,1975-01-23,sparkerij@so-net.ne.jp,420-(478)392-8737,3485 Vera Road
Frank,Watson,1996-01-29,fwatsonik@exblog.jp,66-(543)949-7002,1411 Marcy Terrace
Ashley,Bowman,1973-10-25,abowmanil@gov.uk,353-(716)578-2511,7 Schiller Trail
Andrea,Matthews,1961-07-27,amatthewsim@fda.gov,63-(951)466-5514,038 Rowland Crossing
Rebecca,Ford,1957-04-24,rfordin@cnn.com,7-(313)367-6179,74 Gerald Hill
Betty,Gilbert,1995-10-29,bgilbertio@theatlantic.com,62-(165)698-2935,9 Spohn Pass
Frank,Warren,1986-03-06,fwarrenip@baidu.com,46-(421)614-7654,623 Magdeline Drive
Ralph,Jenkins,2007-08-18,rjenkinsiq@google.co.uk,56-(907)293-0869,70 Hoard Lane
Russell,Frazier,1963-04-11,rfrazierir@google.es,7-(331)453-8682,66 Daystar Circle
Linda,Andrews,1968-01-23,landrewsis@github.com,1-(826)244-3996,98 Gateway Road
Johnny,Watkins,1991-10-20,jwatkinsit@microsoft.com,51-(273)907-0772,11 Miller Trail
Howard,Alvarez,2003-06-17,halvareziu@usda.gov,81-(161)988-0111,7788 Grim Street
Beverly,Barnes,1956-03-01,bbarnesiv@nhs.uk,351-(598)500-4277,7 Bunting Park
Karen,Warren,2007-05-01,kwarreniw@mashable.com,86-(909)113-2824,6784 Artisan Street
Wanda,Crawford,1983-09-15,wcrawfordix@apple.com,55-(286)803-3951,6124 8th Terrace
Kenneth,Murphy,2009-05-04,kmurphyiy@eventbrite.com,86-(593)827-2101,5 Bayside Hill
Maria,Hart,1953-12-31,mhartiz@harvard.edu,86-(247)607-2718,699 Schlimgen Trail
Anthony,Porter,1963-07-20,aporterj0@census.gov,62-(771)382-9594,9 Vernon Pass
Janice,Holmes,1957-01-05,jholmesj1@loc.gov,30-(596)425-0128,15 Rigney Pass
Frank,Hicks,1968-10-14,fhicksj2@aol.com,54-(259)485-9623,2367 Spaight Street
Anna,Harris,1988-10-28,aharrisj3@reddit.com,62-(101)733-5175,1945 Sutteridge Pass
John,Powell,2003-06-15,jpowellj4@aol.com,57-(114)892-7566,499 Declaration Pass
Joan,Kim,1981-08-14,jkimj5@a8.net,86-(167)330-3067,98686 Kim Lane
Jerry,Carpenter,2005-12-13,jcarpenterj6@webs.com,86-(342)446-7295,78853 Mendota Avenue
Lori,Powell,1973-04-20,lpowellj7@usa.gov,354-(940)842-6983,32 Westend Court
Joan,Martinez,1963-03-24,jmartinezj8@businesswire.com,380-(582)573-0794,02284 Bunker Hill Road
Mary,Vasquez,1971-08-21,mvasquezj9@icq.com,84-(424)778-8485,5 Lyons Avenue
Michelle,Rice,1971-12-19,mriceja@dmoz.org,86-(804)124-6204,64749 West Trail
Nicholas,Cook,2006-08-12,ncookjb@tiny.cc,251-(563)674-1026,525 Di Loreto Plaza
Martha,Matthews,2002-05-07,mmatthewsjc@state.gov,234-(958)706-6844,48770 Ludington Road
Frank,Greene,1963-06-27,fgreenejd@merriam-webster.com,375-(978)856-3461,7 Roth Circle
Katherine,Romero,1994-11-21,kromeroje@yellowpages.com,502-(171)230-2913,7 Sloan Pass
Tammy,Gardner,1985-02-18,tgardnerjf@ed.gov,62-(374)294-9042,34 Warner Trail
Raymond,Garrett,2005-12-16,rgarrettjg@sfgate.com,86-(869)249-1369,9 Fair Oaks Road
Jennifer,Medina,1986-08-29,jmedinajh@phoca.cz,63-(902)176-9799,37 Northview Street
Matthew,Adams,1958-11-13,madamsji@1688.com,7-(373)212-0087,746 Mayer Plaza
James,Russell,1982-05-14,jrusselljj@dailymotion.com,595-(929)821-5456,44562 Basil Plaza
Terry,Chapman,1994-05-22,tchapmanjk@baidu.com,509-(884)380-6235,79922 American Ash Junction
Barbara,Spencer,1964-12-13,bspencerjl@dropbox.com,57-(868)435-5049,036 Starling Pass
Johnny,Castillo,1984-03-12,jcastillojm@cam.ac.uk,56-(241)535-5133,438 Dapin Pass
Nicholas,Lynch,2002-12-24,nlynchjn@zdnet.com,62-(310)231-8611,80868 Sachtjen Plaza
Joshua,Johnston,1963-07-18,jjohnstonjo@si.edu,420-(659)856-9012,90441 North Plaza
Amanda,Thomas,2009-01-06,athomasjp@nba.com,33-(126)149-5503,06048 Green Avenue
Brian,Davis,1962-02-01,bdavisjq@illinois.edu,46-(662)636-6892,306 Nova Center
Arthur,Greene,1950-02-08,agreenejr@blogspot.com,351-(594)986-7493,4872 Shasta Avenue
Debra,Robinson,1996-01-06,drobinsonjs@mlb.com,86-(861)763-4372,0 Crownhardt Parkway
Gerald,Ward,1974-07-17,gwardjt@biblegateway.com,380-(820)704-6842,21 Esch Lane
Ernest,Wallace,1979-05-27,ewallaceju@skyrock.com,62-(802)842-7967,2816 Green Park
George,Russell,1995-10-11,grusselljv@fc2.com,62-(142)864-4659,27284 Dayton Hill
Teresa,Morris,2004-09-23,tmorrisjw@yale.edu,968-(282)234-7883,21 Norway Maple Avenue
Kathryn,Mendoza,1990-02-20,kmendozajx@google.nl,7-(396)902-7199,7514 Randy Court
Sean,Austin,1989-08-25,saustinjy@webmd.com,81-(796)983-3871,3 Stuart Circle
Sarah,Gilbert,1976-09-25,sgilbertjz@purevolume.com,234-(394)761-1358,31 Mcguire Crossing
Roy,Burton,1984-04-25,rburtonk0@pcworld.com,33-(719)969-9610,2668 Stoughton Court
Gregory,Perkins,1967-04-06,gperkinsk1@nih.gov,352-(499)461-9739,9781 Mandrake Road
Johnny,Mason,1986-01-07,jmasonk2@discovery.com,81-(491)525-5289,4 Mesta Avenue
Paul,Tucker,1958-02-14,ptuckerk3@comsenz.com,676-(515)375-1979,63 Birchwood Plaza
Kathleen,Frazier,1963-07-11,kfrazierk4@utexas.edu,63-(905)749-3296,63 Cody Street
Joshua,Gomez,1966-09-23,jgomezk5@earthlink.net,86-(376)653-1585,633 Delladonna Way
Janice,King,1981-08-02,jkingk6@samsung.com,380-(411)561-6252,58 Old Gate Junction
Joseph,Williamson,1963-10-20,jwilliamsonk7@indiegogo.com,52-(308)704-2238,648 Main Crossing
Sharon,Bennett,1982-10-27,sbennettk8@google.ca,51-(942)689-2471,37440 Summer Ridge Plaza
Kathy,Phillips,1955-12-06,kphillipsk9@dailymail.co.uk,506-(603)588-3946,1 Carioca Plaza
Jesse,Bell,1980-03-28,jbellka@zimbio.com,48-(851)793-1700,29 Artisan Way
Ann,Olson,1976-11-16,aolsonkb@ebay.co.uk,86-(772)232-7217,21 Artisan Hill
Kelly,Pierce,1962-02-01,kpiercekc@dell.com,86-(295)890-6031,8 Fordem Road
Roy,Richards,1997-04-02,rrichardskd@businessinsider.com,1-(936)513-2058,03 Anhalt Crossing
Stephen,Chavez,1990-03-20,schavezke@pcworld.com,33-(164)205-9724,22 Village Hill
Nicole,Adams,1976-01-11,nadamskf@over-blog.com,58-(791)869-1419,7 Vermont Place
Bobby,Stephens,2002-07-10,bstephenskg@pcworld.com,51-(358)272-0639,39 Arizona Pass
Joseph,Dixon,1974-05-13,jdixonkh@timesonline.co.uk,502-(217)447-7409,2032 Cottonwood Plaza
Ralph,Watson,1969-03-07,rwatsonki@zimbio.com,81-(346)414-6825,249 Erie Terrace
Judith,Johnston,1966-11-21,jjohnstonkj@prnewswire.com,86-(860)508-8395,70 Fuller Parkway
Aaron,Fowler,2002-07-21,afowlerkk@arstechnica.com,420-(899)175-5189,09 Erie Hill
Jimmy,Perkins,1962-06-28,jperkinskl@biblegateway.com,62-(232)268-0665,26363 Saint Paul Circle
Annie,Bryant,1982-11-10,abryantkm@usgs.gov,374-(204)965-2176,051 Amoth Park
Nancy,Burns,2005-11-20,nburnskn@home.pl,856-(914)719-3516,33 Oriole Circle
Eugene,Riley,2004-09-12,erileyko@de.vu,48-(316)164-3366,5 Springview Crossing
Jennifer,Young,1965-03-23,jyoungkp@cmu.edu,86-(691)944-6226,1586 Bartelt Circle
Ann,Morgan,1982-10-21,amorgankq@odnoklassniki.ru,63-(949)722-5960,595 Melvin Lane
Diana,Garrett,2000-03-12,dgarrettkr@mail.ru,420-(996)591-5660,3508 Meadow Vale Trail
Charles,Gonzalez,1999-09-14,cgonzalezks@github.io,93-(737)639-2035,1 Elka Street
Joseph,James,1986-04-06,jjameskt@wordpress.org,46-(147)273-0332,6 Homewood Road
Johnny,Harris,1992-11-21,jharrisku@sbwire.com,62-(920)456-5148,731 Weeping Birch Way
Christopher,Moore,1977-07-14,cmoorekv@china.com.cn,86-(131)759-5296,4385 Washington Court
Anne,Brooks,1981-03-18,abrookskw@google.ru,374-(303)684-9080,6 Oriole Crossing
Alice,Little,2009-05-19,alittlekx@chicagotribune.com,63-(823)783-3328,614 Kings Court
Raymond,Murphy,1973-05-02,rmurphyky@home.pl,380-(431)874-1689,30974 Northport Street
Patrick,Jordan,1950-10-16,pjordankz@dell.com,7-(854)417-4094,8544 Oxford Road
Jacqueline,Martin,1958-11-18,jmartinl0@irs.gov,48-(720)106-8675,41 Maywood Place
Ronald,Cooper,1990-04-07,rcooperl1@w3.org,86-(564)131-2820,18194 Novick Alley
Joseph,King,1961-01-31,jkingl2@prnewswire.com,86-(499)414-0316,5518 Cody Lane
Helen,Gonzalez,1981-01-13,hgonzalezl3@cocolog-nifty.com,385-(246)555-5189,001 Old Gate Alley
Kelly,Wheeler,1993-02-22,kwheelerl4@mtv.com,33-(949)274-0914,4749 Clarendon Park
Harold,Ross,1968-06-25,hrossl5@latimes.com,253-(525)968-3712,567 New Castle Circle
Judith,King,1965-10-08,jkingl6@cornell.edu,86-(368)637-0443,15 Haas Road
Ralph,Howard,2002-03-16,rhowardl7@census.gov,63-(343)933-0654,84 Village Green Crossing
Janet,Andrews,1951-07-06,jandrewsl8@cornell.edu,1-(414)218-7528,6281 Lake View Court
Joseph,Cooper,1955-06-23,jcooperl9@slideshare.net,7-(710)656-1571,0 Carpenter Way
John,Webb,1975-11-19,jwebbla@cam.ac.uk,62-(981)466-3906,0 Hoffman Trail
Jeffrey,Reyes,1965-08-18,jreyeslb@unc.edu,86-(366)880-0736,89 Leroy Point
Howard,Castillo,1990-02-07,hcastillolc@discovery.com,81-(156)626-6171,5950 Heffernan Avenue
Theresa,Wood,1984-11-22,twoodld@baidu.com,55-(389)940-7730,4 Talmadge Street
Kathryn,Owens,1957-10-14,kowensle@mapquest.com,51-(674)902-6080,51 Coolidge Court
Gary,George,1969-12-09,ggeorgelf@is.gd,7-(806)525-2747,92 Mallory Terrace
Norma,Frazier,2009-03-01,nfrazierlg@mozilla.org,7-(690)616-5341,44 Johnson Center
Irene,Rodriguez,2003-05-17,irodriguezlh@patch.com,86-(994)711-1947,6075 Autumn Leaf Park
Janice,Banks,1996-08-12,jbanksli@apple.com,420-(723)236-6536,4 Northfield Center
Michael,Mendoza,1981-05-04,mmendozalj@vkontakte.ru,86-(368)621-6801,40 Prentice Park
Lois,Schmidt,1994-11-21,lschmidtlk@google.com.hk,62-(939)351-0057,768 Elgar Court
Harry,Fuller,1993-02-28,hfullerll@wp.com,46-(376)450-9751,18 Springview Crossing
Paul,Lewis,1989-04-22,plewislm@seattletimes.com,55-(545)111-7385,36 Bunker Hill Alley
Andrew,Bishop,2004-01-03,abishopln@bbc.co.uk,33-(509)624-4845,026 Sauthoff Park
Martin,Coleman,2003-12-17,mcolemanlo@baidu.com,86-(142)165-1735,9808 Laurel Hill
Gary,Harrison,1981-08-22,gharrisonlp@businessweek.com,355-(461)475-6996,2 Anniversary Street
Lillian,Rose,2006-03-20,lroselq@stumbleupon.com,57-(261)116-1352,15 Glacier Hill Way
Jack,Peters,2001-04-29,jpeterslr@sogou.com,86-(137)736-6586,673 Eggendart Crossing
Melissa,Marshall,1985-04-26,mmarshallls@angelfire.com,380-(109)620-2536,1057 Johnson Parkway
Phyllis,Carr,1954-01-14,pcarrlt@time.com,1-(678)824-5772,0 Mayfield Trail
Timothy,Henry,1974-11-28,thenrylu@tripod.com,351-(807)233-6646,23557 Maple Alley
Christine,Carr,1996-08-15,ccarrlv@sogou.com,86-(111)937-3987,2 Mosinee Avenue
Judith,Fuller,1965-07-31,jfullerlw@webmd.com,62-(687)400-2086,589 Victoria Place
Dorothy,Frazier,1980-05-28,dfrazierlx@google.de,359-(393)304-2149,0 Toban Place
Anthony,Simmons,2008-10-06,asimmonsly@wunderground.com,86-(131)790-5373,66 7th Street
Shirley,Boyd,1987-11-22,sboydlz@ft.com,420-(551)855-6524,1 Steensland Court
Rachel,Bryant,1987-07-17,rbryantm0@sina.com.cn,86-(176)486-4945,06886 Waubesa Court
Aaron,Ross,1986-04-09,arossm1@ftc.gov,7-(727)723-3057,53332 Nobel Crossing
Clarence,Cox,1983-10-19,ccoxm2@phpbb.com,63-(815)557-7926,407 La Follette Junction
Todd,Barnes,1998-03-26,tbarnesm3@privacy.gov.au,212-(923)433-5050,5878 Buena Vista Street
Doris,Sims,1950-12-15,dsimsm4@mozilla.org,52-(297)439-0697,324 Swallow Parkway
Nicholas,Webb,1953-06-28,nwebbm5@businesswire.com,420-(610)458-8593,51858 Straubel Circle
Phyllis,Stanley,2003-10-09,pstanleym6@chronoengine.com,86-(163)480-8318,2869 Bayside Court
Billy,Dunn,1992-09-24,bdunnm7@gizmodo.com,374-(919)412-9255,799 Prentice Avenue
Richard,Long,1990-10-27,rlongm8@telegraph.co.uk,86-(226)853-6239,80 International Center
Michelle,Griffin,1970-08-17,mgriffinm9@gnu.org,86-(759)927-1350,77 Schiller Place
John,Grant,1997-08-25,jgrantma@sakura.ne.jp,49-(749)337-4646,31547 Helena Way
Ralph,Stevens,1967-04-10,rstevensmb@dagondesign.com,359-(470)159-3445,59 Summer Ridge Park
Raymond,Andrews,1996-11-28,randrewsmc@ft.com,86-(775)555-7188,7247 7th Pass
Charles,Ellis,1969-08-16,cellismd@google.nl,967-(270)495-2220,8 Rutledge Way
Norma,Knight,1992-08-21,nknightme@fc2.com,237-(508)379-9074,50013 Westend Plaza
Frances,Thompson,1975-02-11,fthompsonmf@a8.net,374-(779)656-1672,17 Dexter Road
Fred,Cox,1979-06-30,fcoxmg@techcrunch.com,994-(810)652-1647,46260 Dryden Road
Gary,Kelly,2003-08-02,gkellymh@netlog.com,354-(196)883-1476,47 Muir Hill
Jessica,Lawson,1957-04-18,jlawsonmi@engadget.com,251-(610)858-9782,7162 Weeping Birch Trail
John,Wells,1969-02-22,jwellsmj@php.net,30-(786)713-9053,0 8th Place
Michael,Young,2004-11-03,myoungmk@is.gd,502-(967)299-6180,65 Graceland Drive
Ralph,Banks,2009-02-26,rbanksml@sakura.ne.jp,7-(591)717-9955,401 Coolidge Crossing
Jose,Warren,1981-02-27,jwarrenmm@toplist.cz,351-(580)814-2970,91 Emmet Crossing
Scott,Boyd,1988-01-02,sboydmn@engadget.com,55-(776)805-4116,589 Sugar Crossing
Pamela,Kim,1969-02-01,pkimmo@sbwire.com,62-(472)927-6419,8322 Grayhawk Pass
Wanda,Ferguson,1984-07-07,wfergusonmp@zdnet.com,86-(514)851-4787,1595 Mayer Alley
Gary,Lawrence,2008-08-14,glawrencemq@msu.edu,351-(498)115-0740,70 Brown Avenue
Marilyn,Edwards,2009-05-17,medwardsmr@ovh.net,351-(476)788-0052,07270 Barby Crossing
Keith,Lane,1977-04-04,klanems@hexun.com,52-(872)337-2648,0984 Vernon Lane
Judy,Medina,1971-11-12,jmedinamt@hao123.com,48-(880)985-5333,2 Mayfield Way
Wayne,Holmes,1953-04-14,wholmesmu@youtu.be,81-(798)236-8283,11 Schlimgen Point
Thomas,Hayes,1959-07-10,thayesmv@flavors.me,86-(913)944-9900,3 Forest Run Trail
Susan,Dixon,1976-04-07,sdixonmw@auda.org.au,63-(495)731-6017,15404 Kipling Court
Anna,Howell,1973-10-21,ahowellmx@opera.com,86-(176)341-8218,7329 Sycamore Crossing
Kathy,Rodriguez,1996-12-30,krodriguezmy@newyorker.com,47-(662)764-7789,148 Erie Alley
Bruce,Bennett,1984-06-22,bbennettmz@booking.com,972-(902)286-4325,72105 Sutherland Plaza
James,White,1957-06-24,jwhiten0@ucoz.com,7-(465)667-1023,45 1st Alley
Elizabeth,Roberts,1972-12-24,erobertsn1@forbes.com,86-(894)424-9247,024 Springview Street
Robert,Fisher,1995-02-24,rfishern2@desdev.cn,86-(136)779-9326,007 Superior Alley
Joe,Shaw,1977-07-26,jshawn3@lulu.com,86-(421)187-8661,9 Dryden Trail
Russell,Hughes,1988-09-17,rhughesn4@tamu.edu,48-(738)242-7589,09 Coleman Drive
Jose,Johnson,1989-05-14,jjohnsonn5@alibaba.com,33-(515)142-1529,99 Gale Point
Emily,Bishop,1998-03-11,ebishopn6@businesswire.com,1-(304)751-3868,741 Algoma Plaza
Louis,Jones,1982-04-18,ljonesn7@ifeng.com,297-(795)960-5065,95 Mallard Street
Julia,Griffin,1996-04-12,jgriffinn8@privacy.gov.au,420-(892)755-3710,6500 Milwaukee Court
Irene,Hughes,1995-09-25,ihughesn9@jugem.jp,86-(349)428-1124,4388 Moulton Avenue
Nicole,Armstrong,2000-09-24,narmstrongna@msn.com,234-(749)566-0698,198 Sundown Junction
Kenneth,Campbell,1984-08-05,kcampbellnb@paypal.com,850-(351)654-3069,2263 Daystar Park
Kevin,Mills,1959-05-17,kmillsnc@google.cn,7-(319)513-3586,63682 Warrior Plaza
Deborah,Oliver,1986-03-19,dolivernd@typepad.com,86-(828)264-1953,91 Parkside Court
Betty,Kelley,1987-01-12,bkelleyne@technorati.com,62-(188)261-5323,0 Pond Center
Kimberly,Hudson,1968-08-24,khudsonnf@businessinsider.com,48-(932)780-9333,09 Prairie Rose Park
Gary,Pierce,1972-04-03,gpierceng@vk.com,48-(696)537-6528,5 Green Ridge Street
Tina,Taylor,1950-05-05,ttaylornh@comsenz.com,63-(263)993-7120,825 Melody Park
Eugene,Hall,1985-06-05,ehallni@bing.com,33-(564)872-2746,35363 Stuart Drive
Ryan,Hunt,1958-03-02,rhuntnj@loc.gov,86-(516)359-0974,3 Forest Dale Lane
Carol,Collins,2001-05-07,ccollinsnk@sbwire.com,351-(644)132-5626,7 Toban Alley
Theresa,Little,1967-10-18,tlittlenl@apple.com,7-(859)573-3469,212 Atwood Way
Howard,Frazier,2004-08-28,hfraziernm@constantcontact.com,386-(369)707-6008,42 Northridge Terrace
Sharon,Stanley,1997-04-06,sstanleynn@diigo.com,420-(534)329-9364,90037 Bellgrove Alley
Marie,Morgan,2004-03-07,mmorganno@pinterest.com,48-(715)784-6234,6956 Graedel Road
Keith,Stevens,2005-02-18,kstevensnp@zimbio.com,86-(243)110-4172,10877 Walton Trail
Justin,Roberts,1988-11-14,jrobertsnq@sakura.ne.jp,62-(469)536-8783,4 Hazelcrest Circle
Debra,Chapman,1993-06-13,dchapmannr@boston.com,351-(755)563-4696,3 Lakewood Point
Roy,Romero,1978-04-06,rromerons@tamu.edu,371-(577)336-6165,32 Lerdahl Drive
Martha,Harvey,1984-04-05,mharveynt@networksolutions.com,86-(669)790-4379,9 Rigney Parkway
Kathy,Sanchez,1953-08-02,ksancheznu@psu.edu,51-(707)781-3072,71 Cody Terrace
Brandon,Bradley,2001-05-15,bbradleynv@ucoz.com,63-(259)859-6031,7444 Farmco Center
Todd,Gibson,1989-09-20,tgibsonnw@foxnews.com,63-(685)682-5344,302 Forest Crossing
Phyllis,Stewart,1962-08-09,pstewartnx@merriam-webster.com,62-(871)161-0191,3 Erie Lane
Judith,Stevens,1991-06-01,jstevensny@biglobe.ne.jp,54-(840)406-8470,299 Buhler Alley
Virginia,Perkins,2007-04-27,vperkinsnz@yolasite.com,86-(627)832-2669,776 Nobel Circle
Rachel,Kim,2002-03-23,rkimo0@blinklist.com,7-(197)878-4808,3968 3rd Circle
Nicholas,Perry,1965-11-21,nperryo1@webs.com,47-(308)859-5111,881 Oakridge Drive
William,Wagner,1972-06-13,wwagnero2@dion.ne.jp,62-(205)719-5766,68 Crownhardt Hill
Louise,Ramos,1984-06-18,lramoso3@mapquest.com,7-(565)314-9422,5806 Muir Place
Ernest,Owens,1961-10-05,eowenso4@wisc.edu,7-(654)136-8703,70 Homewood Court
Adam,Lee,1955-08-01,aleeo5@upenn.edu,976-(245)402-2115,1 Oak Circle
Tina,Torres,1967-01-07,ttorreso6@networkadvertising.org,55-(647)519-1632,2895 Novick Crossing
Daniel,Cox,1997-10-03,dcoxo7@disqus.com,242-(757)456-3749,1710 Mockingbird Parkway
Antonio,Kelley,1950-01-05,akelleyo8@reference.com,420-(767)786-2428,0239 Monterey Avenue
Joseph,Fuller,1958-09-13,jfullero9@tuttocitta.it,380-(370)670-9624,77208 Esker Way
Kathy,Diaz,1950-06-26,kdiazoa@sogou.com,95-(615)913-6257,1 Warbler Crossing
Joseph,Cunningham,1968-06-08,jcunninghamob@skyrock.com,30-(177)745-2251,67437 Kim Road
Jerry,Martinez,1956-07-15,jmartinezoc@hud.gov,7-(278)537-0011,2439 Cardinal Drive
Russell,Coleman,2004-10-18,rcolemanod@1und1.de,970-(282)333-1520,11494 Lake View Park
Theresa,Snyder,2004-02-11,tsnyderoe@php.net,62-(913)166-6467,0 Holy Cross Trail
Judy,Lawrence,1977-07-31,jlawrenceof@mlb.com,371-(130)405-4212,2 Union Way
Theresa,Andrews,2006-10-01,tandrewsog@posterous.com,86-(257)615-7998,5 Coolidge Pass
Evelyn,Cox,1953-05-29,ecoxoh@geocities.jp,380-(315)769-3000,85 Hovde Hill
Michael,Garza,1953-08-06,mgarzaoi@twitter.com,380-(710)904-6751,35384 Messerschmidt Lane
Louis,Fisher,2006-11-09,lfisheroj@constantcontact.com,263-(999)486-5991,05040 Westerfield Park
William,Duncan,1953-10-30,wduncanok@instagram.com,353-(703)777-4537,69 7th Hill
Carol,Baker,1980-01-05,cbakerol@google.nl,86-(484)366-0844,452 Kennedy Pass
Nicole,Morales,1954-10-20,nmoralesom@nbcnews.com,63-(888)621-9172,3 Garrison Lane
Phillip,Chavez,2007-02-28,pchavezon@booking.com,86-(516)730-4299,540 Hanson Lane
Gary,Andrews,1976-08-04,gandrewsoo@adobe.com,1-(518)677-2283,84 Merry Way
Lawrence,Howard,2007-02-20,lhowardop@walmart.com,86-(693)452-3500,91 Delladonna Street
Lois,Hunt,1987-07-16,lhuntoq@facebook.com,51-(548)801-4414,53706 Superior Avenue
Raymond,Fisher,1964-07-22,rfisheror@shutterfly.com,591-(703)844-3108,7 Badeau Crossing
Janet,Holmes,1965-01-13,jholmesos@marriott.com,351-(759)322-8770,70 Coleman Terrace
Irene,Warren,1967-08-20,iwarrenot@ebay.co.uk,1-(915)914-3533,44 Glendale Park
Denise,Hunt,2000-10-21,dhuntou@clickbank.net,54-(604)929-5301,9694 Morrow Road
Wayne,Mills,1959-04-10,wmillsov@naver.com,968-(219)208-9798,324 Russell Trail
Lawrence,Johnston,2005-02-07,ljohnstonow@tripod.com,86-(769)108-9303,9347 Briar Crest Place
Todd,Alexander,2004-09-24,talexanderox@usgs.gov,84-(967)890-9781,3193 Truax Trail
Kelly,Carr,1952-07-16,kcarroy@dagondesign.com,967-(667)641-0190,02274 Oxford Junction
Kathy,Lane,1952-04-16,klaneoz@bloglines.com,27-(706)804-9108,54158 Veith Trail
Frances,Mendoza,1985-06-28,fmendozap0@mit.edu,1-(714)749-2516,485 Stuart Circle
Billy,Oliver,1992-02-03,boliverp1@merriam-webster.com,86-(229)514-6552,417 Bonner Place
Joyce,Mason,1987-05-03,jmasonp2@cargocollective.com,7-(812)179-1615,64520 Monument Road
Stephanie,Romero,2008-10-15,sromerop3@addthis.com,86-(880)375-6880,01947 Merrick Trail
Linda,Russell,1972-10-06,lrussellp4@npr.org,262-(626)387-3447,51050 West Parkway
Sarah,Ross,1971-09-24,srossp5@issuu.com,86-(993)456-7372,56234 Huxley Alley
Ryan,Stevens,1983-08-08,rstevensp6@fastcompany.com,353-(736)291-0125,7464 Caliangt Street
Brandon,Turner,2006-03-19,bturnerp7@telegraph.co.uk,30-(620)685-7714,4132 Atwood Point
Charles,Murray,1987-08-22,cmurrayp8@google.com.au,81-(878)147-0948,34359 Novick Street
Bobby,Turner,2001-11-25,bturnerp9@cbsnews.com,371-(635)455-3953,9 Bultman Alley
Anna,Weaver,1998-12-08,aweaverpa@yale.edu,7-(470)907-9335,94623 Michigan Center
Teresa,Mcdonald,1994-10-29,tmcdonaldpb@state.gov,359-(222)557-4084,7266 2nd Avenue
Gloria,Lynch,1969-10-18,glynchpc@trellian.com,98-(224)228-7376,292 4th Hill
Beverly,Morrison,1952-07-16,bmorrisonpd@gmpg.org,57-(300)795-7328,84794 Dakota Drive
Keith,Rice,1991-05-30,kricepe@hatena.ne.jp,225-(612)419-4741,420 Loomis Parkway
Aaron,Hayes,1988-01-19,ahayespf@vistaprint.com,357-(928)704-2553,82 Acker Place
Howard,Fuller,1951-08-05,hfullerpg@boston.com,504-(651)494-4910,242 Goodland Terrace
Alan,Palmer,1983-03-20,apalmerph@nih.gov,63-(897)588-4965,92 Barnett Plaza
Denise,Austin,1973-01-16,daustinpi@last.fm,54-(845)283-8998,333 Mcguire Plaza
Annie,Frazier,1950-08-01,afrazierpj@rediff.com,81-(763)603-2154,115 Golf Course Hill
Sharon,Lawrence,1954-07-24,slawrencepk@sun.com,31-(890)525-8540,6277 Corry Avenue
Larry,Carter,1966-04-23,lcarterpl@biglobe.ne.jp,55-(272)607-6357,5572 Thackeray Junction
Eugene,Bradley,1985-10-30,ebradleypm@google.ru,385-(286)115-0613,87777 Anthes Lane
Cheryl,Elliott,1959-12-07,celliottpn@usnews.com,39-(519)302-3773,1442 Meadow Ridge Way
Anthony,Duncan,1969-02-16,aduncanpo@kickstarter.com,57-(601)687-0928,9097 Packers Point
Nicholas,Payne,1955-07-05,npaynepp@craigslist.org,62-(316)115-1265,95 Maple Avenue
Dorothy,James,1979-09-29,djamespq@trellian.com,62-(996)938-2035,73 Autumn Leaf Drive
Willie,Day,1980-04-23,wdaypr@slashdot.org,63-(671)777-0921,5 Sachs Road
Clarence,Schmidt,1981-11-19,cschmidtps@reference.com,86-(912)997-0796,1 Merrick Plaza
Catherine,Moreno,1977-10-12,cmorenopt@who.int,62-(396)970-3750,6034 Jenna Pass
Samuel,Chavez,1990-12-07,schavezpu@walmart.com,86-(731)396-0094,5 Village Place
Mark,Hunter,1955-06-21,mhunterpv@newyorker.com,86-(218)806-3629,7519 Lakeland Way
Ryan,Henderson,1962-08-18,rhendersonpw@typepad.com,48-(354)796-8453,6021 Johnson Road
Martha,Scott,1961-12-20,mscottpx@addthis.com,1-(312)778-8007,9821 Moose Hill
Jeffrey,Murphy,1951-06-19,jmurphypy@omniture.com,1-(574)893-4840,64 Hanson Pass
Robin,Cruz,1976-03-04,rcruzpz@bloglines.com,86-(705)281-7051,84190 Tony Place
Linda,Edwards,1995-03-14,ledwardsq0@youtube.com,62-(656)949-8331,27402 Morningstar Circle
Martha,Hudson,1969-03-23,mhudsonq1@linkedin.com,1-(432)691-0200,0 International Center
Tammy,Washington,1989-11-05,twashingtonq2@msu.edu,380-(785)383-7165,5 Warrior Parkway
Bobby,Bell,1986-05-12,bbellq3@mapquest.com,86-(658)946-4820,3880 Drewry Alley
Martin,Murphy,1974-11-11,mmurphyq4@merriam-webster.com,33-(449)955-7368,08 Di Loreto Avenue
Jean,Harrison,1951-11-27,jharrisonq5@bbb.org,86-(936)364-2416,6252 Welch Plaza
Juan,Grant,1989-08-25,jgrantq6@hp.com,357-(210)186-8216,0 Starling Alley
Christina,Ray,2003-10-21,crayq7@dell.com,351-(837)760-4065,7 Trailsway Crossing
Walter,Hudson,2000-04-12,whudsonq8@gov.uk,30-(777)786-1572,2467 Elgar Point
James,Berry,1984-11-17,jberryq9@amazon.com,34-(538)408-2199,48 Fallview Drive
Carl,Butler,1977-09-15,cbutlerqa@amazon.co.uk,86-(635)638-9083,5 Dovetail Point
Kathy,Shaw,1999-07-31,kshawqb@wufoo.com,63-(351)256-7662,79 Ryan Parkway
Linda,James,1979-04-23,ljamesqc@amazonaws.com,420-(728)141-0209,2375 Sherman Terrace
Amanda,Davis,1988-10-29,adavisqd@youku.com,1-(320)870-6687,12030 Grasskamp Crossing
Susan,Simmons,2000-12-05,ssimmonsqe@slate.com,86-(958)849-0803,8216 Hayes Hill
Jason,Marshall,2000-01-24,jmarshallqf@intel.com,7-(867)866-1354,0 Hermina Crossing
Julia,Myers,1950-07-02,jmyersqg@ca.gov,63-(894)423-4895,4 Grover Parkway
Paula,Warren,1996-05-27,pwarrenqh@cloudflare.com,58-(498)113-8681,3 Rutledge Park
Johnny,Alvarez,1970-09-26,jalvarezqi@prnewswire.com,63-(627)706-0799,76978 Crowley Park
Angela,Campbell,1959-12-12,acampbellqj@tiny.cc,1-(634)774-3450,63566 Portage Court
Charles,Howell,2000-10-22,chowellqk@wired.com,86-(155)202-8607,0530 Memorial Junction
Jane,Gibson,1993-01-08,jgibsonql@google.co.jp,235-(987)331-6787,148 Havey Trail
Shawn,Sanders,1996-05-15,ssandersqm@census.gov,86-(125)433-2128,86492 2nd Center
Henry,Cole,1961-10-18,hcoleqn@cnn.com,7-(825)418-6980,1329 Cambridge Crossing
Martin,Nelson,1964-02-08,mnelsonqo@ucla.edu,86-(328)728-8379,3 Dovetail Park
Denise,Gardner,1993-12-02,dgardnerqp@desdev.cn,48-(926)949-5255,601 Graceland Pass
Harold,Spencer,1970-03-04,hspencerqq@tripadvisor.com,86-(600)975-7218,5 Lunder Avenue
Phyllis,Jones,2002-11-14,pjonesqr@google.ru,81-(529)675-5868,8136 Charing Cross Terrace
Patrick,Burke,1996-11-30,pburkeqs@foxnews.com,420-(845)905-9566,793 Dakota Alley
Christina,James,1990-09-04,cjamesqt@tamu.edu,51-(922)947-2803,478 Westridge Terrace
Nicole,Andrews,2009-11-24,nandrewsqu@microsoft.com,57-(600)830-7668,3 Independence Avenue
Pamela,Gonzalez,2006-10-14,pgonzalezqv@unesco.org,30-(258)436-8420,83 Grasskamp Park
Brenda,Morgan,1996-03-23,bmorganqw@squidoo.com,57-(234)472-9930,80175 Mosinee Place
Carl,Harper,1951-05-13,charperqx@china.com.cn,62-(280)650-2067,7619 Chinook Hill
Emily,Mendoza,1998-02-23,emendozaqy@discovery.com,86-(232)184-8002,24095 South Drive
Ryan,Medina,2006-07-01,rmedinaqz@examiner.com,86-(317)197-5934,1902 Bluestem Drive
Jesse,Duncan,1960-11-20,jduncanr0@icq.com,86-(552)233-6454,91778 Mosinee Parkway
Jimmy,Wallace,1959-12-12,jwallacer1@ftc.gov,43-(112)897-2738,4481 Carberry Plaza
Ralph,Jenkins,1956-02-24,rjenkinsr2@multiply.com,7-(683)391-3447,73870 Main Terrace
Randy,Griffin,1998-07-17,rgriffinr3@topsy.com,63-(150)214-8185,36 Melrose Lane
Kevin,Armstrong,1974-12-06,karmstrongr4@webeden.co.uk,54-(837)893-0840,6064 Rieder Court
Howard,Watkins,1951-09-08,hwatkinsr5@devhub.com,7-(598)585-8261,08511 Melvin Center
Margaret,Moore,1970-03-08,mmoorer6@joomla.org,86-(741)316-6713,0122 Fairview Court
Fred,Gibson,1989-09-15,fgibsonr7@t.co,86-(198)526-8680,55 Knutson Plaza
Diane,Olson,1962-10-12,dolsonr8@yandex.ru,86-(491)120-8709,3340 Continental Lane
Ronald,Wagner,1978-10-25,rwagnerr9@netscape.com,48-(373)379-8091,0873 Valley Edge Place
Peter,Lee,1958-12-21,pleera@newyorker.com,86-(838)428-8415,00 Loftsgordon Circle
Andrea,Frazier,2003-05-12,afrazierrb@symantec.com,52-(538)403-7038,1 Starling Junction
Matthew,Carter,1992-12-23,mcarterrc@nature.com,7-(546)804-3986,803 Mendota Way
Eugene,Stone,1996-10-19,estonerd@nih.gov,389-(931)819-8757,2962 Spaight Court
Virginia,Fernandez,2006-03-17,vfernandezre@nymag.com,63-(548)836-2237,67 3rd Drive
Sean,Ellis,1998-10-31,sellisrf@biblegateway.com,7-(178)698-7260,57007 Oak Parkway
Gloria,Myers,1977-10-26,gmyersrg@tripadvisor.com,48-(356)584-4153,518 Dovetail Hill
Ryan,Cole,1950-06-11,rcolerh@homestead.com,48-(339)615-4846,69991 Larry Street
Kimberly,Moore,1964-04-04,kmooreri@amazon.co.uk,380-(368)255-9143,75 Grover Junction
Rachel,Stanley,1985-06-04,rstanleyrj@google.cn,62-(654)910-2149,15 Prairieview Point
Jane,Shaw,1950-05-04,jshawrk@dell.com,86-(438)207-1858,6 Barby Junction
Mildred,Burke,1998-03-27,mburkerl@samsung.com,380-(958)524-1467,33204 Orin Avenue
Elizabeth,Perez,1988-04-11,eperezrm@amazon.co.jp,55-(404)334-8160,6 Laurel Junction
William,Cook,1953-06-20,wcookrn@virginia.edu,62-(935)633-0389,1 Kinsman Park
Angela,Olson,1966-04-14,aolsonro@dmoz.org,358-(990)451-6954,92 Esker Pass
Lisa,Allen,1968-02-12,lallenrp@adobe.com,62-(912)676-1490,44 Trailsway Trail
Virginia,Harrison,1953-06-08,vharrisonrq@blinklist.com,254-(852)399-3216,7 Aberg Parkway
Frances,Fernandez,1972-12-10,ffernandezrr@unc.edu,48-(812)459-8439,8 Helena Way
